,id,is_paid,status
0,1,vltr,1
1,2,vltr,0
2,3,vltr,1
3,4,vltr,1
4,5,vltr,1
5,6,vltr,1
6,7,vltr,-1
7,8,vltr,-1
8,9,paid,-1
9,9,vltr,1
10,10,vltr,-1
11,11,vltr,-1
12,12,vltr,-1
13,13,vltr,1
14,14,vltr,1
15,15,vltr,0
16,16,vltr,-1
17,17,vltr,-1
18,18,vltr,-1
19,19,vltr,-1
20,20,vltr,-1
21,21,vltr,-1
22,22,vltr,-1
23,23,vltr,-1
24,24,vltr,-1
25,25,paid,-1
26,25,vltr,1
27,26,vltr,-1
28,27,paid,1
29,27,vltr,1
30,28,vltr,0
31,29,paid,-1
32,29,vltr,1
33,30,vltr,-1
34,31,vltr,-1
35,32,vltr,1
36,33,vltr,-1
37,34,vltr,-1
38,35,paid,-1
39,35,vltr,1
40,36,vltr,1
41,37,vltr,-1
42,38,vltr,-1
43,39,vltr,1
44,40,vltr,1
45,41,paid,0
46,42,vltr,-1
47,43,vltr,-1
48,44,paid,1
49,45,vltr,-1
50,46,vltr,-1
51,47,vltr,-1
52,48,vltr,-1
53,49,vltr,-1
54,50,vltr,-1
55,51,paid,-1
56,51,vltr,1
57,52,vltr,-1
58,53,vltr,-1
59,54,vltr,-1
60,55,vltr,-1
61,56,paid,-1
62,57,vltr,-1
63,58,paid,-1
64,59,vltr,-1
65,60,vltr,-1
66,61,paid,-1
67,62,paid,0
68,63,vltr,1
69,64,paid,1
70,64,vltr,0
71,65,vltr,-1
72,66,paid,-1
73,67,vltr,-1
74,68,vltr,-1
75,69,paid,1
76,69,vltr,0
77,70,vltr,1
78,71,vltr,-1
79,72,vltr,1
80,73,vltr,-1
81,74,vltr,-1
82,75,vltr,-1
83,76,vltr,-1
84,77,vltr,-1
85,78,vltr,0
86,79,paid,-1
87,80,vltr,1
88,81,paid,-1
89,82,vltr,0
90,83,paid,1
91,84,paid,-1
92,85,vltr,-1
93,86,vltr,-1
94,87,vltr,-1
95,88,vltr,-1
96,89,paid,-1
97,90,vltr,-1
98,91,vltr,-1
99,92,vltr,-1
100,93,vltr,-1
101,94,vltr,-1
102,95,paid,-1
103,95,vltr,0
104,96,paid,-1
105,97,vltr,-1
106,98,paid,-1
107,99,vltr,1
108,100,vltr,-1
109,101,vltr,-1
110,102,paid,-1
111,102,vltr,1
112,103,vltr,-1
113,104,vltr,-1
114,105,vltr,-1
115,106,vltr,-1
116,107,vltr,-1
117,108,vltr,0
118,109,vltr,-1
119,110,vltr,1
120,111,vltr,1
121,112,paid,-1
122,113,vltr,-1
123,114,vltr,-1
124,115,paid,-1
125,115,vltr,-1
126,116,paid,-1
127,117,vltr,-1
128,118,vltr,-1
129,119,paid,-1
130,120,paid,-1
131,121,vltr,1
132,122,vltr,-1
133,123,vltr,0
134,124,paid,-1
135,125,vltr,0
136,126,paid,-1
137,127,vltr,1
138,128,vltr,-1
139,129,vltr,-1
140,130,vltr,-1
141,131,vltr,1
142,132,vltr,-1
143,133,vltr,0
144,134,paid,1
145,134,vltr,-1
146,135,paid,-1
147,136,vltr,-1
148,137,vltr,-1
149,138,paid,-1
150,139,paid,-1
151,140,vltr,-1
152,141,vltr,0
153,142,vltr,-1
154,143,vltr,-1
155,144,vltr,-1
156,145,vltr,-1
157,146,vltr,-1
158,147,vltr,-1
159,148,vltr,-1
160,149,vltr,-1
161,150,vltr,1
162,151,vltr,-1
163,152,vltr,-1
164,153,vltr,1
165,154,vltr,0
166,155,vltr,1
167,156,vltr,-1
168,157,paid,-1
169,158,paid,-1
170,159,vltr,-1
171,160,paid,1
172,161,vltr,0
173,162,vltr,0
174,163,paid,-1
175,164,vltr,-1
176,165,vltr,-1
177,166,vltr,-1
178,167,paid,-1
179,168,vltr,1
180,169,vltr,-1
181,170,vltr,0
182,171,vltr,-1
183,172,vltr,-1
184,173,paid,-1
185,173,vltr,1
186,174,vltr,0
187,175,vltr,-1
188,176,vltr,-1
189,177,paid,-1
190,178,vltr,-1
191,179,vltr,-1
192,180,vltr,1
193,181,paid,-1
194,182,vltr,-1
195,183,vltr,-1
196,184,paid,1
197,185,vltr,-1
198,186,vltr,1
199,187,vltr,-1
200,188,vltr,-1
201,189,vltr,1
202,190,vltr,-1
203,191,paid,-1
204,192,vltr,-1
205,193,paid,-1
206,193,vltr,1
207,194,paid,-1
208,194,vltr,1
209,195,vltr,-1
210,196,vltr,-1
211,197,vltr,1
212,198,vltr,-1
213,199,paid,-1
214,200,vltr,-1
215,201,vltr,-1
216,202,paid,1
217,203,vltr,-1
218,204,paid,-1
219,205,vltr,-1
220,206,vltr,1
221,207,vltr,0
222,208,paid,1
223,208,vltr,0
224,209,vltr,-1
225,210,paid,1
226,211,vltr,-1
227,212,vltr,-1
228,213,paid,-1
229,214,vltr,-1
230,215,vltr,0
231,216,paid,-1
232,217,vltr,0
233,218,vltr,-1
234,219,vltr,1
235,220,vltr,-1
236,221,paid,-1
237,222,paid,-1
238,223,paid,-1
239,224,vltr,-1
240,225,vltr,-1
241,226,vltr,0
242,227,vltr,-1
243,228,vltr,-1
244,229,vltr,-1
245,230,vltr,-1
246,231,vltr,-1
247,232,vltr,0
248,233,vltr,1
249,234,paid,-1
250,236,paid,-1
251,236,vltr,1
252,237,paid,-1
253,238,vltr,-1
254,239,paid,-1
255,240,paid,-1
256,240,vltr,0
257,241,vltr,-1
258,242,vltr,-1
259,243,paid,-1
260,244,vltr,-1
261,245,vltr,-1
262,246,paid,-1
263,247,vltr,-1
264,248,vltr,-1
265,249,vltr,-1
266,250,vltr,0
267,251,vltr,-1
268,252,vltr,-1
269,253,vltr,1
270,254,paid,-1
271,255,vltr,-1
272,256,vltr,-1
273,257,paid,0
274,258,vltr,-1
275,259,vltr,1
276,260,vltr,-1
277,261,vltr,-1
278,262,vltr,-1
279,263,vltr,-1
280,264,vltr,-1
281,265,vltr,-1
282,266,vltr,-1
283,267,vltr,-1
284,268,vltr,0
285,269,paid,-1
286,269,vltr,0
287,270,paid,-1
288,271,vltr,-1
289,272,vltr,-1
290,273,vltr,-1
291,274,vltr,-1
292,275,vltr,-1
293,276,vltr,0
294,277,vltr,-1
295,278,vltr,1
296,279,vltr,1
297,280,vltr,-1
298,281,paid,1
299,282,vltr,-1
300,283,vltr,-1
301,284,vltr,-1
302,285,vltr,-1
303,286,paid,-1
304,287,vltr,-1
305,288,paid,-1
306,289,vltr,-1
307,290,vltr,1
308,291,vltr,-1
309,292,paid,-1
310,293,paid,-1
311,294,paid,-1
312,295,vltr,-1
313,296,vltr,0
314,297,vltr,-1
315,298,vltr,-1
316,299,vltr,-1
317,300,paid,-1
318,301,paid,-1
319,302,paid,-1
320,303,vltr,1
321,304,vltr,-1
322,305,vltr,-1
323,306,vltr,-1
324,307,vltr,-1
325,308,paid,-1
326,309,vltr,-1
327,310,vltr,-1
328,311,vltr,1
329,312,paid,-1
330,313,vltr,-1
331,314,paid,-1
332,315,vltr,-1
333,316,paid,-1
334,317,vltr,-1
335,318,vltr,-1
336,319,vltr,-1
337,320,vltr,-1
338,321,vltr,-1
339,322,vltr,-1
340,323,paid,0
341,324,vltr,1
342,325,vltr,-1
343,326,vltr,-1
344,327,vltr,-1
345,328,vltr,-1
346,329,paid,-1
347,330,vltr,1
348,331,paid,-1
349,332,vltr,-1
350,333,vltr,-1
351,334,vltr,-1
352,335,vltr,-1
353,336,vltr,-1
354,337,vltr,-1
355,338,vltr,-1
356,339,vltr,-1
357,340,vltr,1
358,341,vltr,-1
359,342,vltr,-1
360,343,vltr,-1
361,344,paid,-1
362,345,vltr,-1
363,346,paid,-1
364,347,vltr,0
365,348,vltr,0
366,349,vltr,-1
367,350,vltr,-1
368,351,vltr,-1
369,352,vltr,-1
370,353,vltr,-1
371,354,vltr,-1
372,355,vltr,0
373,356,vltr,-1
374,357,paid,-1
375,358,vltr,-1
376,359,vltr,-1
377,360,vltr,-1
378,361,vltr,0
379,362,vltr,-1
380,363,vltr,-1
381,364,paid,1
382,365,vltr,-1
383,366,vltr,-1
384,367,vltr,-1
385,368,vltr,-1
386,369,vltr,-1
387,370,vltr,1
388,371,vltr,0
389,372,vltr,0
390,373,vltr,-1
391,374,vltr,-1
392,375,paid,-1
393,376,paid,-1
394,377,paid,-1
395,378,vltr,-1
396,379,paid,-1
397,380,vltr,-1
398,381,paid,-1
399,382,vltr,-1
400,383,vltr,1
401,384,vltr,-1
402,385,paid,-1
403,386,vltr,-1
404,387,paid,-1
405,388,vltr,-1
406,389,vltr,-1
407,390,vltr,-1
408,391,vltr,-1
409,392,vltr,-1
410,393,vltr,-1
411,394,vltr,-1
412,395,vltr,-1
413,396,vltr,0
414,397,vltr,-1
415,399,vltr,-1
416,400,paid,-1
417,401,paid,-1
418,402,vltr,-1
419,403,vltr,-1
420,404,vltr,0
421,405,vltr,1
422,406,vltr,-1
423,407,vltr,-1
424,408,vltr,-1
425,409,vltr,-1
426,410,vltr,-1
427,411,vltr,-1
428,412,vltr,0
429,413,vltr,-1
430,414,vltr,-1
431,415,vltr,-1
432,416,vltr,-1
433,417,paid,-1
434,418,vltr,-1
435,419,vltr,-1
436,420,vltr,1
437,421,paid,-1
438,422,paid,-1
439,422,vltr,0
440,423,vltr,-1
441,424,vltr,-1
442,425,vltr,-1
443,426,paid,-1
444,426,vltr,-1
445,427,vltr,-1
446,428,vltr,-1
447,429,paid,-1
448,430,vltr,-1
449,431,vltr,0
450,432,paid,0
451,433,vltr,-1
452,434,vltr,-1
453,435,paid,0
454,435,vltr,-1
455,436,vltr,-1
456,437,paid,-1
457,438,vltr,-1
458,439,vltr,-1
459,440,vltr,-1
460,441,vltr,0
461,442,vltr,-1
462,443,vltr,0
463,444,paid,-1
464,445,paid,-1
465,446,paid,-1
466,447,vltr,0
467,448,vltr,-1
468,449,vltr,-1
469,450,vltr,-1
470,451,vltr,-1
471,452,vltr,1
472,453,vltr,-1
473,454,paid,-1
474,455,vltr,-1
475,456,paid,-1
476,457,vltr,-1
477,458,vltr,-1
478,459,paid,0
479,460,paid,-1
480,462,vltr,-1
481,463,vltr,-1
482,464,vltr,0
483,465,vltr,-1
484,466,paid,-1
485,467,vltr,-1
486,469,paid,-1
487,470,vltr,-1
488,471,vltr,-1
489,472,vltr,0
490,473,vltr,-1
491,474,vltr,-1
492,475,vltr,1
493,476,vltr,-1
494,477,vltr,-1
495,478,vltr,-1
496,479,vltr,-1
497,480,vltr,-1
498,481,vltr,-1
499,482,vltr,-1
500,483,vltr,-1
501,484,vltr,-1
502,485,paid,-1
503,486,vltr,-1
504,487,vltr,0
505,488,vltr,0
506,489,vltr,-1
507,490,paid,-1
508,491,vltr,-1
509,492,vltr,-1
510,493,vltr,-1
511,494,vltr,-1
512,495,vltr,0
513,496,vltr,-1
514,497,vltr,-1
515,498,vltr,-1
516,499,vltr,-1
517,500,vltr,-1
518,501,vltr,0
519,502,vltr,-1
520,503,vltr,-1
521,504,vltr,-1
522,505,vltr,-1
523,506,vltr,-1
524,507,vltr,-1
525,508,vltr,-1
526,509,vltr,-1
527,510,vltr,-1
528,511,vltr,1
529,512,paid,-1
530,513,paid,-1
531,514,vltr,-1
532,515,vltr,-1
533,516,paid,-1
534,517,vltr,0
535,518,vltr,-1
536,519,vltr,-1
537,520,vltr,-1
538,521,vltr,0
539,522,vltr,-1
540,523,vltr,0
541,524,vltr,-1
542,525,vltr,-1
543,526,vltr,-1
544,527,vltr,-1
545,528,paid,-1
546,529,vltr,-1
547,530,vltr,-1
548,531,vltr,-1
549,532,vltr,-1
550,533,vltr,-1
551,534,vltr,-1
552,535,vltr,1
553,536,vltr,-1
554,538,vltr,-1
555,539,vltr,-1
556,540,paid,-1
557,541,vltr,-1
558,542,paid,-1
559,543,vltr,-1
560,545,vltr,1
561,546,vltr,-1
562,547,vltr,-1
563,548,paid,-1
564,548,vltr,1
565,549,vltr,1
566,550,vltr,-1
567,551,vltr,-1
568,552,vltr,-1
569,553,vltr,-1
570,554,vltr,0
571,555,vltr,-1
572,556,vltr,0
573,557,vltr,-1
574,558,vltr,-1
575,559,paid,-1
576,560,vltr,0
577,561,vltr,0
578,562,vltr,-1
579,563,vltr,-1
580,564,vltr,-1
581,565,vltr,1
582,566,vltr,0
583,567,vltr,-1
584,568,vltr,-1
585,569,vltr,-1
586,570,vltr,-1
587,571,vltr,0
588,572,vltr,-1
589,573,vltr,-1
590,574,vltr,0
591,575,paid,-1
592,576,vltr,-1
593,577,vltr,-1
594,578,vltr,-1
595,579,vltr,-1
596,580,vltr,-1
597,581,vltr,-1
598,582,vltr,-1
599,583,paid,-1
600,584,vltr,0
601,585,vltr,-1
602,586,vltr,-1
603,587,vltr,-1
604,588,vltr,-1
605,589,vltr,-1
606,590,vltr,-1
607,591,vltr,-1
608,592,vltr,-1
609,593,paid,-1
610,594,vltr,0
611,595,vltr,0
612,596,vltr,-1
613,597,vltr,-1
614,598,vltr,-1
615,599,vltr,-1
616,600,vltr,-1
617,601,vltr,0
618,602,vltr,0
619,603,vltr,-1
620,604,vltr,-1
621,605,vltr,-1
622,606,vltr,-1
623,607,paid,-1
624,608,vltr,-1
625,609,vltr,0
626,610,vltr,-1
627,611,paid,-1
628,612,vltr,-1
629,613,vltr,-1
630,614,vltr,-1
631,615,vltr,-1
632,616,vltr,0
633,617,vltr,-1
634,618,vltr,-1
635,619,vltr,-1
636,620,paid,-1
637,620,vltr,1
638,621,vltr,-1
639,622,vltr,-1
640,623,vltr,0
641,624,paid,0
642,625,vltr,0
643,626,paid,1
644,627,paid,-1
645,628,vltr,-1
646,629,paid,-1
647,630,paid,-1
648,631,vltr,-1
649,632,vltr,-1
650,633,vltr,-1
651,634,vltr,-1
652,635,vltr,-1
653,636,vltr,-1
654,637,vltr,-1
655,638,vltr,1
656,639,paid,1
657,639,vltr,-1
658,640,vltr,-1
659,641,vltr,0
660,642,paid,-1
661,643,vltr,-1
662,644,vltr,-1
663,645,vltr,-1
664,646,vltr,0
665,647,vltr,-1
666,648,vltr,-1
667,649,vltr,-1
668,650,vltr,0
669,651,vltr,-1
670,652,vltr,-1
671,653,vltr,-1
672,654,vltr,-1
673,655,vltr,0
674,656,vltr,-1
675,657,vltr,-1
676,658,vltr,0
677,659,vltr,-1
678,660,paid,-1
679,661,vltr,0
680,662,vltr,-1
681,663,vltr,-1
682,664,vltr,-1
683,665,vltr,0
684,666,vltr,-1
685,667,vltr,-1
686,668,vltr,-1
687,669,vltr,1
688,670,vltr,-1
689,671,vltr,-1
690,672,vltr,1
691,673,vltr,-1
692,674,vltr,-1
693,675,vltr,-1
694,676,vltr,-1
695,677,vltr,0
696,678,paid,-1
697,679,vltr,-1
698,680,paid,-1
699,680,vltr,0
700,681,paid,-1
701,682,vltr,-1
702,683,vltr,0
703,684,vltr,-1
704,685,vltr,-1
705,686,vltr,-1
706,687,vltr,-1
707,688,paid,-1
708,689,paid,-1
709,690,vltr,-1
710,691,paid,-1
711,692,vltr,-1
712,693,vltr,0
713,694,vltr,-1
714,695,vltr,-1
715,696,vltr,-1
716,697,vltr,-1
717,698,vltr,-1
718,699,vltr,-1
719,700,vltr,-1
720,701,vltr,1
721,702,vltr,-1
722,703,vltr,-1
723,704,vltr,0
724,705,vltr,-1
725,706,vltr,-1
726,707,vltr,-1
727,708,vltr,0
728,709,vltr,0
729,710,vltr,-1
730,711,vltr,-1
731,712,vltr,-1
732,713,paid,-1
733,714,vltr,-1
734,715,vltr,-1
735,716,vltr,-1
736,717,vltr,-1
737,718,vltr,-1
738,719,vltr,-1
739,720,vltr,-1
740,721,vltr,-1
741,722,paid,-1
742,723,paid,-1
743,724,vltr,1
744,725,vltr,0
745,726,vltr,-1
746,727,vltr,-1
747,728,vltr,1
748,729,vltr,-1
749,730,vltr,-1
750,731,vltr,-1
751,732,vltr,-1
752,733,vltr,-1
753,734,vltr,-1
754,735,vltr,-1
755,736,vltr,-1
756,737,vltr,-1
757,738,vltr,-1
758,739,vltr,-1
759,740,paid,-1
760,741,vltr,-1
761,742,vltr,0
762,743,vltr,-1
763,744,vltr,-1
764,745,vltr,-1
765,746,vltr,-1
766,747,vltr,-1
767,748,vltr,-1
768,749,vltr,-1
769,750,vltr,0
770,751,vltr,-1
771,752,vltr,-1
772,753,vltr,-1
773,754,vltr,-1
774,755,paid,-1
775,756,vltr,-1
776,757,vltr,0
777,758,vltr,-1
778,759,vltr,-1
779,760,vltr,-1
780,761,vltr,-1
781,762,vltr,0
782,763,vltr,0
783,764,vltr,0
784,765,vltr,-1
785,766,vltr,-1
786,767,vltr,-1
787,768,vltr,-1
788,769,paid,0
789,770,vltr,-1
790,771,paid,-1
791,772,vltr,-1
792,773,vltr,0
793,774,vltr,-1
794,775,vltr,-1
795,776,vltr,-1
796,777,vltr,-1
797,778,vltr,-1
798,779,vltr,-1
799,780,vltr,-1
800,781,vltr,-1
801,782,vltr,-1
802,783,vltr,0
803,784,vltr,-1
804,785,vltr,0
805,786,paid,-1
806,787,vltr,-1
807,788,vltr,-1
808,789,vltr,-1
809,790,vltr,-1
810,791,vltr,-1
811,792,vltr,-1
812,793,paid,0
813,793,vltr,0
814,794,paid,-1
815,795,vltr,1
816,796,vltr,-1
817,797,vltr,-1
818,798,vltr,-1
819,799,vltr,0
820,800,vltr,-1
821,801,vltr,-1
822,802,vltr,-1
823,803,vltr,-1
824,804,vltr,-1
825,805,vltr,1
826,806,vltr,-1
827,807,vltr,-1
828,808,vltr,-1
829,809,vltr,-1
830,810,vltr,-1
831,811,vltr,-1
832,812,vltr,0
833,813,vltr,-1
834,814,vltr,-1
835,815,vltr,-1
836,816,vltr,0
837,817,paid,-1
838,818,vltr,-1
839,819,vltr,-1
840,820,vltr,-1
841,821,vltr,-1
842,822,vltr,-1
843,823,vltr,0
844,824,vltr,-1
845,825,vltr,-1
846,826,vltr,-1
847,827,vltr,-1
848,828,vltr,-1
849,829,vltr,0
850,830,vltr,-1
851,831,paid,-1
852,832,vltr,-1
853,833,vltr,0
854,834,paid,-1
855,835,vltr,-1
856,836,paid,-1
857,837,vltr,-1
858,838,vltr,-1
859,839,vltr,-1
860,840,vltr,-1
861,841,vltr,-1
862,842,vltr,-1
863,843,vltr,-1
864,844,vltr,0
865,845,vltr,-1
866,846,vltr,-1
867,847,vltr,-1
868,848,vltr,-1
869,849,vltr,-1
870,850,vltr,-1
871,851,vltr,-1
872,852,vltr,-1
873,853,paid,-1
874,854,vltr,-1
875,855,vltr,-1
876,856,vltr,0
877,857,paid,-1
878,858,vltr,-1
879,859,vltr,-1
880,860,vltr,-1
881,861,vltr,-1
882,862,vltr,0
883,863,paid,-1
884,864,paid,-1
885,865,vltr,-1
886,866,vltr,-1
887,867,vltr,-1
888,868,vltr,0
889,869,vltr,0
890,870,paid,-1
891,871,vltr,0
892,872,vltr,-1
893,873,vltr,1
894,874,vltr,0
895,875,vltr,-1
896,876,vltr,-1
897,877,vltr,-1
898,878,vltr,-1
899,879,vltr,-1
900,880,vltr,-1
901,881,vltr,0
902,882,vltr,-1
903,883,vltr,-1
904,884,vltr,-1
905,885,vltr,-1
906,886,vltr,1
907,887,vltr,-1
908,888,vltr,-1
909,889,vltr,-1
910,890,vltr,-1
911,891,paid,-1
912,892,vltr,1
913,893,vltr,0
914,894,vltr,0
915,895,vltr,0
916,896,vltr,0
917,897,vltr,0
918,898,vltr,-1
919,899,vltr,0
920,900,vltr,0
921,901,paid,-1
922,902,vltr,-1
923,903,vltr,-1
924,904,paid,0
925,905,vltr,-1
926,906,paid,-1
927,907,vltr,-1
928,908,vltr,-1
929,909,vltr,-1
930,910,vltr,-1
931,911,vltr,-1
932,912,paid,-1
933,913,vltr,-1
934,914,vltr,-1
935,915,vltr,-1
936,916,paid,-1
937,917,vltr,1
938,918,paid,-1
939,919,vltr,-1
940,920,paid,-1
941,921,vltr,1
942,922,vltr,-1
943,923,vltr,-1
944,924,vltr,-1
945,925,vltr,0
946,926,vltr,-1
947,927,vltr,-1
948,928,vltr,-1
949,929,vltr,-1
950,930,paid,-1
951,931,vltr,-1
952,932,vltr,-1
953,933,vltr,1
954,934,vltr,-1
955,935,vltr,0
956,936,vltr,-1
957,937,vltr,-1
958,938,vltr,0
959,939,vltr,-1
960,940,paid,-1
961,941,paid,-1
962,942,paid,-1
963,943,paid,-1
964,944,vltr,1
965,945,vltr,0
966,946,vltr,-1
967,947,vltr,1
968,948,vltr,0
969,949,vltr,1
970,950,vltr,-1
971,951,vltr,-1
972,952,vltr,-1
973,953,vltr,0
974,954,vltr,-1
975,955,vltr,-1
976,956,vltr,-1
977,957,vltr,0
978,958,vltr,0
979,959,vltr,0
980,960,paid,-1
981,961,vltr,1
982,962,vltr,-1
983,963,vltr,-1
984,964,vltr,-1
985,965,vltr,-1
986,966,vltr,0
987,967,vltr,-1
988,968,vltr,-1
989,969,paid,-1
990,970,vltr,-1
991,971,vltr,-1
992,972,vltr,-1
993,973,vltr,-1
994,974,vltr,-1
995,975,vltr,-1
996,976,vltr,-1
997,977,vltr,-1
998,978,paid,-1
999,979,vltr,-1
1000,980,vltr,-1
1001,981,vltr,-1
1002,982,vltr,0
1003,983,vltr,-1
1004,984,vltr,-1
1005,985,vltr,-1
1006,986,paid,-1
1007,987,paid,-1
1008,988,vltr,-1
1009,990,vltr,-1
1010,991,vltr,-1
1011,992,vltr,-1
1012,993,vltr,-1
1013,994,vltr,-1
1014,996,paid,-1
1015,997,vltr,-1
1016,998,vltr,-1
1017,999,vltr,0
1018,1000,vltr,-1
1019,1001,vltr,-1
1020,1002,paid,-1
1021,1003,vltr,-1
1022,1004,vltr,-1
1023,1005,vltr,-1
1024,1006,paid,-1
1025,1007,vltr,-1
1026,1008,vltr,-1
1027,1009,vltr,-1
1028,1010,vltr,-1
1029,1011,vltr,-1
1030,1012,vltr,0
1031,1013,vltr,-1
1032,1014,paid,-1
1033,1015,vltr,-1
1034,1016,vltr,-1
1035,1017,vltr,1
1036,1018,vltr,-1
1037,1019,vltr,-1
1038,1020,paid,1
1039,1021,vltr,0
1040,1022,paid,-1
1041,1023,vltr,-1
1042,1024,vltr,-1
1043,1025,vltr,-1
1044,1026,vltr,-1
1045,1027,vltr,0
1046,1028,paid,-1
1047,1029,vltr,-1
1048,1030,vltr,-1
1049,1031,vltr,-1
1050,1032,paid,-1
1051,1033,vltr,0
1052,1034,vltr,-1
1053,1035,paid,-1
1054,1036,paid,-1
1055,1037,vltr,-1
1056,1038,vltr,-1
1057,1039,vltr,-1
1058,1040,paid,-1
1059,1041,vltr,-1
1060,1042,vltr,-1
1061,1043,vltr,-1
1062,1044,vltr,0
1063,1045,paid,-1
1064,1046,paid,-1
1065,1047,paid,-1
1066,1048,paid,-1
1067,1049,vltr,-1
1068,1050,vltr,-1
1069,1051,paid,0
1070,1052,paid,-1
1071,1053,vltr,-1
1072,1054,vltr,-1
1073,1055,vltr,1
1074,1056,vltr,-1
1075,1057,paid,-1
1076,1058,vltr,0
1077,1059,vltr,-1
1078,1060,vltr,-1
1079,1061,vltr,0
1080,1062,vltr,-1
1081,1063,paid,-1
1082,1064,vltr,0
1083,1065,vltr,-1
1084,1066,vltr,-1
1085,1067,vltr,1
1086,1068,vltr,-1
1087,1069,vltr,0
1088,1070,vltr,-1
1089,1071,paid,0
1090,1072,vltr,-1
1091,1073,vltr,0
1092,1074,vltr,-1
1093,1075,paid,-1
1094,1076,vltr,-1
1095,1077,paid,-1
1096,1078,vltr,-1
1097,1079,vltr,0
1098,1080,paid,-1
1099,1081,paid,-1
1100,1082,vltr,-1
1101,1083,vltr,-1
1102,1084,vltr,-1
1103,1085,vltr,-1
1104,1086,vltr,-1
1105,1087,vltr,-1
1106,1088,vltr,-1
1107,1089,vltr,-1
1108,1090,paid,-1
1109,1091,vltr,0
1110,1092,vltr,0
1111,1093,vltr,0
1112,1094,vltr,-1
1113,1096,paid,-1
1114,1097,vltr,0
1115,1098,vltr,-1
1116,1099,vltr,-1
1117,1100,vltr,-1
1118,1101,vltr,-1
1119,1102,vltr,-1
1120,1103,vltr,-1
1121,1104,vltr,-1
1122,1105,vltr,-1
1123,1106,vltr,-1
1124,1108,vltr,-1
1125,1109,vltr,-1
1126,1110,vltr,-1
1127,1111,vltr,0
1128,1112,vltr,0
1129,1113,vltr,0
1130,1114,vltr,0
1131,1115,vltr,1
1132,1116,paid,-1
1133,1117,vltr,-1
1134,1118,vltr,-1
1135,1119,vltr,-1
1136,1120,vltr,-1
1137,1121,vltr,0
1138,1122,vltr,0
1139,1123,vltr,-1
1140,1124,vltr,0
1141,1125,vltr,-1
1142,1126,vltr,-1
1143,1127,paid,-1
1144,1128,vltr,-1
1145,1129,vltr,-1
1146,1130,vltr,-1
1147,1131,vltr,-1
1148,1132,vltr,-1
1149,1133,paid,-1
1150,1134,vltr,0
1151,1135,vltr,-1
1152,1136,vltr,-1
1153,1137,vltr,-1
1154,1138,vltr,-1
1155,1139,vltr,-1
1156,1140,vltr,0
1157,1141,vltr,-1
1158,1142,vltr,-1
1159,1143,vltr,-1
1160,1144,vltr,0
1161,1145,vltr,-1
1162,1146,vltr,-1
1163,1147,vltr,-1
1164,1148,paid,-1
1165,1149,vltr,-1
1166,1150,vltr,-1
1167,1151,vltr,-1
1168,1152,paid,-1
1169,1153,vltr,-1
1170,1154,vltr,-1
1171,1155,vltr,0
1172,1156,vltr,-1
1173,1157,vltr,0
1174,1158,vltr,-1
1175,1159,vltr,-1
1176,1160,vltr,-1
1177,1161,vltr,-1
1178,1162,vltr,-1
1179,1163,vltr,-1
1180,1164,vltr,-1
1181,1165,vltr,1
1182,1166,vltr,-1
1183,1167,vltr,0
1184,1168,paid,-1
1185,1169,vltr,-1
1186,1170,vltr,-1
1187,1171,vltr,0
1188,1172,vltr,-1
1189,1173,vltr,-1
1190,1174,vltr,1
1191,1175,paid,-1
1192,1176,vltr,-1
1193,1177,vltr,-1
1194,1178,vltr,-1
1195,1179,paid,-1
1196,1180,vltr,1
1197,1181,vltr,-1
1198,1182,vltr,-1
1199,1183,vltr,-1
1200,1184,vltr,-1
1201,1185,paid,0
1202,1186,vltr,-1
1203,1187,vltr,-1
1204,1188,paid,-1
1205,1189,vltr,-1
1206,1190,vltr,-1
1207,1191,vltr,-1
1208,1192,vltr,-1
1209,1193,vltr,-1
1210,1194,vltr,-1
1211,1195,vltr,-1
1212,1196,vltr,-1
1213,1197,paid,0
1214,1198,vltr,0
1215,1199,paid,-1
1216,1200,vltr,0
1217,1201,vltr,-1
1218,1202,vltr,0
1219,1203,vltr,0
1220,1204,vltr,-1
1221,1205,vltr,-1
1222,1206,vltr,-1
1223,1207,vltr,0
1224,1208,vltr,0
1225,1209,vltr,0
1226,1210,vltr,0
1227,1211,vltr,-1
1228,1212,vltr,-1
1229,1213,vltr,-1
1230,1214,paid,-1
1231,1215,vltr,0
1232,1216,vltr,-1
1233,1217,vltr,-1
1234,1218,vltr,-1
1235,1219,vltr,-1
1236,1220,vltr,-1
1237,1221,vltr,-1
1238,1223,paid,-1
1239,1224,paid,-1
1240,1225,vltr,-1
1241,1226,vltr,1
1242,1227,vltr,-1
1243,1228,vltr,-1
1244,1229,vltr,-1
1245,1230,paid,-1
1246,1231,vltr,-1
1247,1232,vltr,1
1248,1233,vltr,-1
1249,1234,paid,-1
1250,1235,vltr,0
1251,1236,vltr,-1
1252,1237,vltr,-1
1253,1238,vltr,-1
1254,1239,vltr,-1
1255,1240,vltr,-1
1256,1241,vltr,-1
1257,1242,paid,-1
1258,1243,vltr,-1
1259,1244,vltr,-1
1260,1245,vltr,0
1261,1246,vltr,-1
1262,1247,vltr,-1
1263,1248,vltr,-1
1264,1249,vltr,-1
1265,1250,vltr,0
1266,1251,vltr,0
1267,1252,vltr,0
1268,1253,paid,-1
1269,1254,vltr,0
1270,1255,vltr,1
1271,1256,vltr,1
1272,1257,vltr,-1
1273,1258,vltr,-1
1274,1259,vltr,-1
1275,1260,vltr,-1
1276,1261,vltr,-1
1277,1262,vltr,-1
1278,1263,vltr,-1
1279,1264,vltr,-1
1280,1265,vltr,-1
1281,1266,vltr,-1
1282,1267,vltr,-1
1283,1268,vltr,-1
1284,1269,vltr,0
1285,1270,vltr,-1
1286,1271,vltr,-1
1287,1272,vltr,-1
1288,1273,paid,-1
1289,1274,vltr,0
1290,1275,vltr,0
1291,1276,vltr,-1
1292,1277,paid,-1
1293,1278,vltr,-1
1294,1279,vltr,-1
1295,1280,vltr,-1
1296,1281,vltr,-1
1297,1282,vltr,-1
1298,1283,vltr,-1
1299,1284,vltr,-1
1300,1285,vltr,-1
1301,1286,vltr,-1
1302,1287,vltr,-1
1303,1288,vltr,-1
1304,1289,vltr,-1
1305,1290,paid,-1
1306,1291,vltr,0
1307,1292,vltr,-1
1308,1293,paid,-1
1309,1294,vltr,-1
1310,1295,vltr,0
1311,1296,vltr,-1
1312,1297,vltr,-1
1313,1298,vltr,1
1314,1299,vltr,-1
1315,1300,vltr,-1
1316,1301,vltr,-1
1317,1302,vltr,-1
1318,1303,vltr,-1
1319,1304,vltr,-1
1320,1305,vltr,-1
1321,1306,vltr,-1
1322,1307,paid,0
1323,1308,vltr,0
1324,1309,vltr,-1
1325,1310,vltr,-1
1326,1311,vltr,-1
1327,1312,vltr,-1
1328,1313,paid,-1
1329,1314,vltr,-1
1330,1315,vltr,-1
1331,1316,vltr,-1
1332,1317,vltr,0
1333,1318,vltr,-1
1334,1319,vltr,-1
1335,1320,vltr,-1
1336,1321,vltr,0
1337,1322,vltr,-1
1338,1323,vltr,-1
1339,1324,vltr,-1
1340,1325,vltr,-1
1341,1326,vltr,1
1342,1327,vltr,-1
1343,1328,vltr,-1
1344,1329,vltr,0
1345,1330,vltr,0
1346,1331,vltr,-1
1347,1332,vltr,1
1348,1333,paid,-1
1349,1334,paid,-1
1350,1335,vltr,1
1351,1336,vltr,-1
1352,1337,vltr,0
1353,1338,vltr,-1
1354,1339,vltr,-1
1355,1340,vltr,0
1356,1341,vltr,-1
1357,1342,paid,-1
1358,1343,vltr,-1
1359,1344,vltr,-1
1360,1345,vltr,-1
1361,1346,paid,-1
1362,1347,vltr,-1
1363,1348,vltr,1
1364,1349,paid,-1
1365,1350,vltr,-1
1366,1351,vltr,-1
1367,1352,paid,0
1368,1353,vltr,0
1369,1354,vltr,-1
1370,1355,paid,1
1371,1355,vltr,0
1372,1356,vltr,-1
1373,1357,vltr,-1
1374,1358,vltr,-1
1375,1359,vltr,0
1376,1360,vltr,-1
1377,1361,vltr,1
1378,1362,vltr,-1
1379,1363,paid,-1
1380,1364,vltr,-1
1381,1365,vltr,-1
1382,1366,vltr,0
1383,1367,vltr,1
1384,1368,vltr,-1
1385,1369,paid,-1
1386,1370,vltr,-1
1387,1371,vltr,-1
1388,1372,vltr,-1
1389,1373,vltr,-1
1390,1374,vltr,-1
1391,1375,paid,-1
1392,1376,vltr,-1
1393,1377,vltr,-1
1394,1378,vltr,-1
1395,1379,paid,-1
1396,1380,vltr,0
1397,1381,paid,-1
1398,1381,vltr,1
1399,1382,vltr,-1
1400,1383,paid,-1
1401,1384,paid,-1
1402,1385,vltr,-1
1403,1386,paid,-1
1404,1387,vltr,0
1405,1388,vltr,-1
1406,1389,vltr,-1
1407,1390,vltr,-1
1408,1391,vltr,1
1409,1392,vltr,-1
1410,1393,vltr,-1
1411,1394,vltr,-1
1412,1395,paid,-1
1413,1396,vltr,0
1414,1397,vltr,-1
1415,1398,vltr,-1
1416,1399,vltr,0
1417,1400,vltr,-1
1418,1401,vltr,-1
1419,1402,vltr,-1
1420,1403,vltr,1
1421,1404,vltr,1
1422,1405,vltr,-1
1423,1407,paid,-1
1424,1408,vltr,0
1425,1409,vltr,-1
1426,1410,vltr,-1
1427,1411,vltr,1
1428,1412,vltr,-1
1429,1413,paid,-1
1430,1414,paid,-1
1431,1415,vltr,-1
1432,1416,vltr,1
1433,1417,vltr,-1
1434,1418,vltr,0
1435,1419,vltr,-1
1436,1420,vltr,-1
1437,1421,vltr,-1
1438,1422,vltr,-1
1439,1423,vltr,0
1440,1424,vltr,-1
1441,1425,vltr,-1
1442,1426,vltr,0
1443,1427,paid,-1
1444,1428,vltr,-1
1445,1429,vltr,-1
1446,1430,paid,0
1447,1431,vltr,-1
1448,1432,vltr,-1
1449,1433,vltr,-1
1450,1434,vltr,-1
1451,1435,vltr,0
1452,1436,vltr,0
1453,1437,paid,-1
1454,1438,vltr,-1
1455,1439,vltr,-1
1456,1440,vltr,-1
1457,1441,paid,1
1458,1441,vltr,0
1459,1442,vltr,0
1460,1443,vltr,-1
1461,1444,vltr,-1
1462,1445,vltr,-1
1463,1446,vltr,-1
1464,1447,vltr,-1
1465,1448,vltr,-1
1466,1449,vltr,0
1467,1450,vltr,-1
1468,1451,paid,-1
1469,1452,paid,-1
1470,1453,vltr,1
1471,1454,vltr,0
1472,1455,vltr,-1
1473,1456,vltr,-1
1474,1457,vltr,-1
1475,1458,vltr,-1
1476,1459,vltr,-1
1477,1460,vltr,-1
1478,1461,vltr,-1
1479,1462,vltr,-1
1480,1463,vltr,-1
1481,1464,vltr,-1
1482,1465,vltr,-1
1483,1466,vltr,-1
1484,1467,vltr,-1
1485,1468,vltr,0
1486,1469,vltr,0
1487,1470,vltr,-1
1488,1471,vltr,1
1489,1472,vltr,-1
1490,1473,vltr,-1
1491,1474,vltr,-1
1492,1475,vltr,-1
1493,1476,vltr,-1
1494,1477,vltr,-1
1495,1478,vltr,0
1496,1479,paid,-1
1497,1480,vltr,0
1498,1481,vltr,-1
1499,1482,vltr,-1
1500,1483,vltr,-1
1501,1484,paid,-1
1502,1485,vltr,-1
1503,1486,vltr,-1
1504,1487,paid,-1
1505,1488,vltr,-1
1506,1489,paid,-1
1507,1490,vltr,-1
1508,1491,vltr,-1
1509,1492,vltr,-1
1510,1493,paid,-1
1511,1494,vltr,-1
1512,1495,vltr,0
1513,1496,vltr,1
1514,1497,vltr,0
1515,1498,vltr,0
1516,1499,vltr,0
1517,1500,vltr,0
1518,1501,vltr,-1
1519,1502,vltr,-1
1520,1503,paid,-1
1521,1504,vltr,0
1522,1505,vltr,-1
1523,1506,vltr,-1
1524,1507,vltr,-1
1525,1508,vltr,-1
1526,1509,vltr,0
1527,1510,vltr,-1
1528,1511,vltr,-1
1529,1512,paid,-1
1530,1513,vltr,-1
1531,1514,vltr,-1
1532,1515,paid,-1
1533,1516,vltr,-1
1534,1517,vltr,0
1535,1518,vltr,-1
1536,1519,vltr,-1
1537,1520,paid,-1
1538,1521,vltr,-1
1539,1522,vltr,-1
1540,1523,vltr,-1
1541,1525,vltr,0
1542,1526,vltr,-1
1543,1527,vltr,-1
1544,1528,vltr,-1
1545,1529,vltr,-1
1546,1530,vltr,-1
1547,1531,vltr,-1
1548,1532,vltr,-1
1549,1533,vltr,-1
1550,1534,vltr,0
1551,1535,vltr,-1
1552,1536,vltr,-1
1553,1537,paid,-1
1554,1538,vltr,-1
1555,1539,vltr,-1
1556,1540,paid,-1
1557,1541,vltr,-1
1558,1542,vltr,0
1559,1543,vltr,1
1560,1544,vltr,-1
1561,1545,vltr,0
1562,1547,paid,0
1563,1548,vltr,-1
1564,1549,vltr,-1
1565,1550,vltr,0
1566,1551,vltr,-1
1567,1552,vltr,0
1568,1553,vltr,-1
1569,1554,vltr,-1
1570,1555,vltr,-1
1571,1556,paid,-1
1572,1557,vltr,-1
1573,1558,vltr,-1
1574,1559,paid,-1
1575,1560,vltr,-1
1576,1561,vltr,-1
1577,1562,paid,-1
1578,1563,paid,-1
1579,1564,vltr,-1
1580,1565,vltr,-1
1581,1566,vltr,1
1582,1567,vltr,0
1583,1568,vltr,-1
1584,1569,vltr,0
1585,1570,paid,-1
1586,1571,vltr,-1
1587,1572,paid,-1
1588,1573,paid,-1
1589,1574,vltr,-1
1590,1575,vltr,-1
1591,1576,vltr,-1
1592,1577,vltr,0
1593,1578,vltr,-1
1594,1579,vltr,1
1595,1580,vltr,-1
1596,1581,vltr,1
1597,1582,vltr,-1
1598,1583,paid,-1
1599,1584,paid,-1
1600,1585,vltr,-1
1601,1586,vltr,0
1602,1587,vltr,-1
1603,1588,vltr,-1
1604,1589,vltr,-1
1605,1590,vltr,-1
1606,1591,paid,-1
1607,1592,vltr,0
1608,1593,vltr,-1
1609,1594,vltr,-1
1610,1595,vltr,-1
1611,1596,vltr,-1
1612,1597,vltr,-1
1613,1598,vltr,-1
1614,1599,vltr,0
1615,1600,vltr,-1
1616,1601,paid,-1
1617,1602,vltr,-1
1618,1603,vltr,1
1619,1604,paid,-1
1620,1605,vltr,-1
1621,1606,vltr,-1
1622,1607,vltr,-1
1623,1608,vltr,0
1624,1609,vltr,-1
1625,1610,paid,1
1626,1610,vltr,-1
1627,1611,vltr,-1
1628,1612,vltr,-1
1629,1613,vltr,0
1630,1614,paid,-1
1631,1615,paid,-1
1632,1616,vltr,-1
1633,1617,vltr,-1
1634,1618,paid,-1
1635,1619,vltr,-1
1636,1620,paid,0
1637,1621,vltr,-1
1638,1622,vltr,0
1639,1623,vltr,-1
1640,1624,vltr,-1
1641,1625,vltr,-1
1642,1626,vltr,-1
1643,1627,vltr,-1
1644,1628,paid,-1
1645,1629,vltr,0
1646,1630,vltr,-1
1647,1631,vltr,-1
1648,1632,vltr,-1
1649,1633,vltr,-1
1650,1634,vltr,-1
1651,1635,vltr,0
1652,1636,vltr,-1
1653,1637,vltr,-1
1654,1638,vltr,-1
1655,1639,vltr,-1
1656,1640,vltr,0
1657,1641,vltr,0
1658,1642,vltr,-1
1659,1643,vltr,-1
1660,1644,vltr,-1
1661,1645,vltr,0
1662,1646,vltr,-1
1663,1647,vltr,-1
1664,1648,vltr,-1
1665,1649,vltr,-1
1666,1650,vltr,-1
1667,1651,vltr,0
1668,1652,vltr,-1
1669,1653,vltr,0
1670,1654,vltr,0
1671,1655,vltr,-1
1672,1656,vltr,1
1673,1657,vltr,0
1674,1658,vltr,0
1675,1659,vltr,-1
1676,1660,vltr,-1
1677,1661,vltr,0
1678,1662,vltr,-1
1679,1663,vltr,-1
1680,1664,vltr,-1
1681,1665,vltr,0
1682,1666,vltr,-1
1683,1667,vltr,-1
1684,1668,vltr,-1
1685,1669,vltr,-1
1686,1670,vltr,0
1687,1671,vltr,0
1688,1672,vltr,-1
1689,1673,vltr,0
1690,1674,vltr,-1
1691,1675,paid,-1
1692,1676,vltr,-1
1693,1677,vltr,0
1694,1678,paid,-1
1695,1679,vltr,0
1696,1680,vltr,-1
1697,1681,vltr,0
1698,1682,vltr,-1
1699,1683,vltr,-1
1700,1684,vltr,-1
1701,1685,vltr,-1
1702,1686,vltr,0
1703,1687,vltr,-1
1704,1688,vltr,-1
1705,1689,vltr,0
1706,1690,vltr,-1
1707,1691,paid,-1
1708,1692,vltr,-1
1709,1693,vltr,0
1710,1694,paid,-1
1711,1695,vltr,0
1712,1696,paid,-1
1713,1697,vltr,-1
1714,1699,vltr,-1
1715,1700,vltr,-1
1716,1701,paid,0
1717,1702,vltr,0
1718,1703,vltr,0
1719,1704,vltr,-1
1720,1705,vltr,-1
1721,1706,vltr,0
1722,1707,vltr,-1
1723,1708,paid,0
1724,1709,vltr,-1
1725,1710,paid,-1
1726,1711,paid,-1
1727,1712,paid,-1
1728,1713,vltr,1
1729,1714,vltr,-1
1730,1715,paid,-1
1731,1716,vltr,0
1732,1717,vltr,-1
1733,1718,vltr,0
1734,1719,paid,0
1735,1720,vltr,1
1736,1721,vltr,-1
1737,1722,vltr,0
1738,1723,vltr,-1
1739,1724,vltr,0
1740,1725,vltr,-1
1741,1726,vltr,-1
1742,1727,vltr,0
1743,1728,vltr,-1
1744,1729,vltr,-1
1745,1730,vltr,-1
1746,1731,vltr,0
1747,1732,vltr,0
1748,1733,vltr,-1
1749,1734,vltr,-1
1750,1735,vltr,-1
1751,1736,vltr,0
1752,1737,vltr,-1
1753,1738,vltr,0
1754,1739,vltr,-1
1755,1740,vltr,-1
1756,1741,vltr,0
1757,1742,vltr,-1
1758,1743,vltr,0
1759,1744,vltr,0
1760,1745,vltr,-1
1761,1746,vltr,0
1762,1747,vltr,-1
1763,1748,vltr,-1
1764,1749,vltr,-1
1765,1750,vltr,-1
1766,1751,vltr,0
1767,1752,vltr,-1
1768,1753,vltr,-1
1769,1754,vltr,-1
1770,1755,vltr,-1
1771,1756,vltr,-1
1772,1757,vltr,-1
1773,1758,vltr,0
1774,1759,vltr,1
1775,1760,vltr,-1
1776,1761,vltr,0
1777,1762,vltr,-1
1778,1763,vltr,-1
1779,1764,vltr,-1
1780,1765,vltr,0
1781,1766,vltr,-1
1782,1767,paid,-1
1783,1768,vltr,-1
1784,1769,vltr,0
1785,1770,vltr,-1
1786,1771,vltr,-1
1787,1772,vltr,0
1788,1773,vltr,0
1789,1774,vltr,0
1790,1775,vltr,-1
1791,1776,vltr,-1
1792,1777,vltr,-1
1793,1778,vltr,-1
1794,1779,vltr,-1
1795,1780,vltr,-1
1796,1781,vltr,0
1797,1782,vltr,-1
1798,1783,vltr,-1
1799,1784,vltr,-1
1800,1785,vltr,-1
1801,1786,vltr,0
1802,1787,vltr,1
1803,1788,vltr,-1
1804,1789,vltr,-1
1805,1790,vltr,-1
1806,1791,paid,-1
1807,1792,vltr,0
1808,1793,vltr,-1
1809,1794,vltr,-1
1810,1795,vltr,-1
1811,1796,vltr,0
1812,1797,vltr,-1
1813,1798,vltr,-1
1814,1799,vltr,0
1815,1800,vltr,-1
1816,1801,vltr,-1
1817,1802,vltr,-1
1818,1803,vltr,-1
1819,1804,vltr,0
1820,1805,vltr,-1
1821,1806,paid,-1
1822,1807,vltr,-1
1823,1808,vltr,0
1824,1809,vltr,-1
1825,1810,vltr,-1
1826,1811,vltr,-1
1827,1812,vltr,-1
1828,1813,vltr,0
1829,1814,vltr,1
1830,1815,vltr,-1
1831,1816,paid,0
1832,1817,paid,-1
1833,1818,vltr,-1
1834,1819,vltr,-1
1835,1820,vltr,-1
1836,1821,vltr,0
1837,1822,vltr,-1
1838,1823,vltr,-1
1839,1824,vltr,0
1840,1825,vltr,-1
1841,1826,vltr,-1
1842,1827,vltr,0
1843,1828,paid,-1
1844,1829,vltr,1
1845,1830,vltr,-1
1846,1831,paid,0
1847,1832,vltr,-1
1848,1833,vltr,0
1849,1834,vltr,0
1850,1835,vltr,-1
1851,1836,vltr,-1
1852,1837,vltr,0
1853,1838,vltr,0
1854,1839,vltr,0
1855,1840,vltr,-1
1856,1841,paid,-1
1857,1842,vltr,-1
1858,1843,paid,-1
1859,1844,vltr,-1
1860,1845,vltr,-1
1861,1846,paid,-1
1862,1847,paid,0
1863,1847,vltr,1
1864,1848,paid,-1
1865,1849,vltr,-1
1866,1850,vltr,-1
1867,1851,paid,-1
1868,1852,vltr,-1
1869,1853,vltr,-1
1870,1854,vltr,-1
1871,1855,vltr,0
1872,1856,vltr,0
1873,1857,vltr,-1
1874,1858,vltr,-1
1875,1859,vltr,-1
1876,1860,vltr,-1
1877,1861,vltr,-1
1878,1862,paid,0
1879,1864,vltr,0
1880,1865,vltr,0
1881,1866,vltr,0
1882,1867,vltr,-1
1883,1868,vltr,0
1884,1869,vltr,-1
1885,1870,vltr,-1
1886,1871,paid,0
1887,1872,vltr,1
1888,1873,paid,0
1889,1874,vltr,0
1890,1875,vltr,-1
1891,1876,vltr,-1
1892,1877,vltr,0
1893,1878,vltr,0
1894,1879,vltr,0
1895,1880,vltr,0
1896,1881,vltr,0
1897,1882,vltr,0
1898,1883,vltr,0
1899,1884,paid,0
1900,1885,vltr,0
1901,1886,vltr,0
1902,1887,vltr,0
1903,1888,vltr,0
1904,1889,vltr,0
1905,1890,vltr,0
1906,1891,vltr,0
1907,1892,paid,0
1908,1893,vltr,0
1909,1894,vltr,0
1910,1895,vltr,0
1911,1896,vltr,0
1912,1897,vltr,0
1913,1898,vltr,0
1914,1899,vltr,0
1915,1900,vltr,0
1916,1901,vltr,0
1917,1902,vltr,0
1918,1903,vltr,0
1919,1904,vltr,0
1920,1905,vltr,0
1921,1906,vltr,0
1922,1907,vltr,0
1923,1908,vltr,0
1924,1909,vltr,0
1925,1910,paid,0
1926,1911,vltr,0
1927,1912,vltr,0
1928,1913,vltr,0
1929,1914,vltr,0
1930,1915,vltr,0
1931,1916,vltr,0
1932,1917,paid,0
1933,1918,vltr,0
1934,1919,paid,0
1935,1920,vltr,0
1936,1921,vltr,1
1937,1922,vltr,0
1938,1923,vltr,0
1939,1924,vltr,0
1940,1925,paid,0
1941,1926,vltr,0
1942,1927,vltr,1
1943,1928,vltr,1
1944,1929,vltr,0
1945,1930,vltr,0
1946,1931,vltr,1
1947,1932,vltr,0
1948,1933,vltr,0
1949,1934,vltr,0
1950,1935,vltr,0
1951,1936,vltr,0
1952,1937,vltr,0
1953,1938,vltr,0
1954,1939,paid,0
1955,1940,vltr,0
1956,1941,vltr,0
1957,1942,vltr,0
1958,1943,vltr,0
1959,1944,vltr,0
1960,1945,vltr,0
1961,1946,paid,0
1962,1947,vltr,0
1963,1948,vltr,1
1964,1949,vltr,0
1965,1950,vltr,0
1966,1951,vltr,0
1967,1952,vltr,0
1968,1953,vltr,0
1969,1954,vltr,0
1970,1955,vltr,0
1971,1956,vltr,0
1972,1957,vltr,0
1973,1958,vltr,0
1974,1959,vltr,0
1975,1960,vltr,0
1976,1961,vltr,0
1977,1962,paid,0
1978,1963,vltr,0
1979,1964,vltr,0
1980,1965,vltr,0
1981,1966,vltr,0
1982,1967,vltr,0
1983,1968,vltr,0
1984,1969,vltr,0
1985,1970,vltr,0
1986,1971,paid,0
1987,1972,vltr,0
1988,1973,vltr,0
1989,1974,vltr,0
1990,1975,vltr,0
1991,1976,vltr,0
1992,1977,vltr,0
1993,1978,vltr,0
1994,1979,vltr,0
1995,1980,vltr,0
1996,1981,vltr,1
1997,1982,vltr,0
1998,1983,vltr,0
1999,1984,vltr,0
2000,1985,vltr,0
2001,1986,vltr,0
2002,1987,vltr,0
2003,1988,vltr,0
2004,1989,vltr,0
2005,1990,vltr,0
2006,1991,vltr,0
2007,1992,vltr,0
2008,1993,vltr,0
2009,1994,vltr,0
2010,1995,vltr,0
2011,1996,vltr,0
2012,1997,vltr,0
2013,1998,paid,0
2014,1999,paid,0
2015,2000,vltr,0
2016,2001,vltr,0
2017,2002,vltr,0
2018,2003,vltr,0
2019,2004,vltr,0
2020,2005,vltr,0
2021,2006,paid,0
2022,2007,vltr,0
2023,2008,vltr,0
2024,2009,vltr,0
2025,2010,vltr,0
2026,2011,vltr,0
2027,2012,vltr,0
2028,2013,vltr,0
2029,2014,vltr,0
2030,2015,vltr,0
2031,2016,paid,0
2032,2017,vltr,0
2033,2018,vltr,0
2034,2019,vltr,0
2035,2020,vltr,0
2036,2021,vltr,0
2037,2022,vltr,0
2038,2023,vltr,0
2039,2024,vltr,0
2040,2025,vltr,0
2041,2026,vltr,0
2042,2027,vltr,0
2043,2028,vltr,0
2044,2029,vltr,0
2045,2031,vltr,0
2046,2032,vltr,0
2047,2033,vltr,0
2048,2034,vltr,0
2049,2035,paid,0
2050,2036,vltr,0
2051,2037,vltr,0
2052,2038,paid,0
2053,2039,vltr,0
2054,2040,vltr,0
2055,2041,vltr,0
2056,2042,vltr,0
2057,2043,vltr,0
2058,2044,vltr,0
2059,2045,vltr,0
2060,2046,vltr,0
2061,2047,paid,0
2062,2048,vltr,0
2063,2049,vltr,0
2064,2050,vltr,0
2065,2051,vltr,0
2066,2052,vltr,0
2067,2053,vltr,0
2068,2054,vltr,0
2069,2055,vltr,0
2070,2056,vltr,0
2071,2057,paid,0
2072,2058,paid,0
2073,2059,vltr,0
2074,2060,vltr,0
2075,2061,vltr,0
2076,2062,vltr,0
2077,2063,vltr,0
2078,2064,vltr,0
2079,2065,vltr,0
2080,2066,vltr,0
2081,2067,vltr,0
2082,2068,paid,0
2083,2068,vltr,0
2084,2069,vltr,0
2085,2070,vltr,0
2086,2071,vltr,0
2087,2072,vltr,0
2088,2073,paid,0
2089,2074,vltr,0
2090,2075,vltr,0
2091,2076,vltr,0
2092,2077,vltr,0
2093,2078,vltr,0
2094,2079,vltr,0
2095,2080,vltr,0
2096,2081,vltr,0
2097,2082,vltr,0
2098,2083,vltr,0
2099,2084,vltr,0
2100,2085,vltr,0
2101,2086,vltr,0
2102,2087,vltr,0
2103,2088,paid,0
2104,2089,vltr,1
2105,2090,paid,0
2106,2091,paid,0
2107,2092,paid,0
2108,2093,vltr,0
2109,2094,vltr,1
2110,2095,vltr,0
2111,2096,vltr,0
2112,2097,vltr,0
2113,2098,vltr,0
2114,2099,vltr,0
2115,2100,paid,0
2116,2101,paid,0
2117,2102,paid,0
2118,2103,vltr,0
2119,2104,vltr,0
2120,2105,vltr,0
2121,2106,vltr,0
2122,2107,vltr,0
2123,2108,vltr,0
2124,2109,vltr,0
2125,2110,vltr,0
2126,2111,vltr,0
2127,2112,vltr,0
2128,2113,paid,0
2129,2114,vltr,0
2130,2115,paid,0
2131,2116,vltr,0
2132,2117,vltr,0
2133,2118,vltr,0
2134,2119,vltr,0
2135,2120,vltr,0
2136,2121,vltr,0
2137,2122,vltr,0
2138,2123,vltr,0
2139,2124,vltr,0
2140,2125,vltr,0
2141,2126,vltr,0
2142,2127,vltr,0
2143,2128,vltr,0
2144,2129,vltr,0
2145,2130,vltr,0
2146,2131,vltr,0
2147,2132,vltr,0
2148,2134,vltr,0
2149,2135,vltr,0
2150,2136,vltr,0
2151,2137,vltr,0
2152,2138,vltr,0
2153,2139,vltr,0
2154,2140,vltr,0
2155,2141,vltr,0
2156,2142,vltr,0
2157,2143,paid,0
2158,2144,vltr,0
2159,2145,vltr,0
2160,2146,vltr,0
2161,2147,vltr,0
2162,2148,vltr,0
2163,2149,vltr,0
2164,2150,vltr,0
2165,2151,vltr,0
2166,2152,vltr,0
2167,2153,vltr,0
2168,2154,vltr,0
2169,2155,paid,0
2170,2156,vltr,0
2171,2157,vltr,0
2172,2158,vltr,0
2173,2159,vltr,0
2174,2160,vltr,0
2175,2161,vltr,0
2176,2162,vltr,0
2177,2163,vltr,0
2178,2164,vltr,0
2179,2165,paid,0
2180,2166,vltr,0
2181,2167,vltr,0
2182,2168,vltr,0
2183,2169,vltr,0
2184,2170,vltr,0
2185,2171,vltr,0
2186,2172,vltr,0
2187,2173,vltr,0
2188,2174,paid,0
2189,2175,vltr,0
2190,2176,vltr,0
2191,2177,vltr,0
2192,2178,vltr,0
2193,2179,vltr,0
2194,2180,vltr,0
2195,2181,vltr,0
2196,2182,paid,0
2197,2182,vltr,0
2198,2183,vltr,0
2199,2184,vltr,0
2200,2185,vltr,0
2201,2186,vltr,0
2202,2187,paid,0
2203,2188,vltr,0
2204,2189,vltr,0
2205,2190,paid,0
2206,2191,vltr,0
2207,2192,vltr,0
2208,2193,vltr,0
2209,2194,vltr,0
2210,2195,vltr,0
2211,2196,vltr,0
2212,2197,vltr,0
2213,2198,vltr,0
2214,2199,paid,0
2215,2200,vltr,0
2216,2201,vltr,0
2217,2202,paid,0
2218,2203,paid,0
2219,2204,vltr,0
2220,2205,vltr,0
2221,2206,vltr,0
2222,2207,vltr,0
2223,2208,vltr,0
2224,2209,vltr,0
2225,2210,vltr,0
2226,2211,vltr,0
2227,2212,vltr,0
2228,2213,vltr,0
2229,2214,vltr,0
2230,2215,vltr,0
2231,2216,vltr,0
2232,2217,vltr,0
2233,2218,vltr,0
2234,2219,vltr,0
2235,2220,vltr,0
2236,2221,vltr,1
2237,2222,vltr,0
2238,2224,vltr,0
2239,2225,vltr,0
2240,2226,vltr,0
2241,2227,vltr,0
2242,2228,vltr,0
2243,2229,paid,0
2244,2230,vltr,0
2245,2231,paid,0
2246,2232,vltr,0
2247,2233,vltr,0
2248,2234,vltr,0
2249,2235,vltr,0
2250,2236,paid,0
2251,2238,vltr,0
2252,2239,paid,0
2253,2240,vltr,0
2254,2241,vltr,1
2255,2242,vltr,0
2256,2243,vltr,0
2257,2244,vltr,0
2258,2245,vltr,0
2259,2246,vltr,0
2260,2247,vltr,0
2261,2248,paid,0
2262,2249,vltr,0
2263,2250,vltr,0
2264,2251,vltr,0
2265,2252,vltr,0
2266,2253,vltr,0
2267,2254,vltr,0
2268,2255,vltr,1
2269,2256,vltr,0
2270,2257,paid,0
2271,2258,vltr,0
2272,2259,vltr,0
2273,2260,vltr,0
2274,2261,vltr,0
2275,2262,vltr,0
2276,2263,vltr,0
2277,2264,vltr,0
2278,2265,vltr,0
2279,2266,vltr,0
2280,2267,vltr,0
2281,2268,vltr,0
2282,2269,paid,0
2283,2270,vltr,0
2284,2271,vltr,0
2285,2272,paid,0
2286,2273,vltr,0
2287,2274,vltr,0
2288,2275,vltr,0
2289,2276,vltr,0
2290,2277,vltr,0
2291,2278,vltr,0
2292,2279,vltr,0
2293,2280,vltr,0
2294,2281,vltr,0
2295,2282,vltr,0
2296,2283,vltr,0
2297,2284,paid,0
2298,2285,vltr,0
2299,2286,vltr,0
2300,2287,paid,0
2301,2288,vltr,0
2302,2289,vltr,0
2303,2290,vltr,0
2304,2291,vltr,0
2305,2292,vltr,0
2306,2293,vltr,0
2307,2294,vltr,0
2308,2295,vltr,0
2309,2296,vltr,0
2310,2297,vltr,0
2311,2298,vltr,0
2312,2299,vltr,0
2313,2300,vltr,0
2314,2301,vltr,0
2315,2302,vltr,1
2316,2303,vltr,0
2317,2304,vltr,1
2318,2305,vltr,0
2319,2306,vltr,0
2320,2307,vltr,0
2321,2308,paid,1
2322,2309,paid,0
2323,2310,vltr,0
2324,2311,vltr,0
2325,2312,vltr,0
2326,2313,vltr,0
2327,2314,vltr,0
2328,2315,vltr,0
2329,2316,vltr,0
2330,2317,vltr,0
2331,2318,paid,0
2332,2319,vltr,0
2333,2320,vltr,0
2334,2321,vltr,0
2335,2322,vltr,0
2336,2323,vltr,0
2337,2324,vltr,0
2338,2325,vltr,0
2339,2326,vltr,0
2340,2327,vltr,0
2341,2328,vltr,0
2342,2329,vltr,0
2343,2330,vltr,0
2344,2331,vltr,0
2345,2332,vltr,0
2346,2333,paid,0
2347,2334,paid,0
2348,2335,vltr,0
2349,2336,vltr,0
2350,2337,vltr,0
2351,2338,paid,0
2352,2339,vltr,0
2353,2340,vltr,0
2354,2341,vltr,0
2355,2342,vltr,0
2356,2343,vltr,0
2357,2344,paid,0
2358,2346,vltr,0
2359,2347,vltr,1
2360,2348,vltr,0
2361,2349,vltr,0
2362,2350,paid,0
2363,2351,vltr,0
2364,2352,vltr,0
2365,2353,paid,0
2366,2354,vltr,0
2367,2355,vltr,0
2368,2356,vltr,0
2369,2357,vltr,0
2370,2358,paid,0
2371,2359,vltr,0
2372,2360,vltr,0
2373,2361,vltr,0
2374,2362,vltr,1
2375,2363,vltr,0
2376,2364,vltr,0
2377,2365,vltr,0
2378,2366,vltr,0
2379,2367,vltr,0
2380,2368,vltr,0
2381,2369,vltr,0
2382,2370,paid,0
2383,2371,vltr,0
2384,2372,vltr,0
2385,2373,vltr,0
2386,2374,paid,0
2387,2375,vltr,0
2388,2376,vltr,0
2389,2377,vltr,0
2390,2378,vltr,0
2391,2379,vltr,0
2392,2380,vltr,0
2393,2381,vltr,0
2394,2382,vltr,0
2395,2383,vltr,0
2396,2384,vltr,0
2397,2385,vltr,0
2398,2386,vltr,0
2399,2387,vltr,0
2400,2388,vltr,0
2401,2389,vltr,0
2402,2390,vltr,0
2403,2391,vltr,0
2404,2392,vltr,0
2405,2393,vltr,0
2406,2394,vltr,0
2407,2395,vltr,0
2408,2396,vltr,0
2409,2397,paid,0
2410,2398,vltr,0
2411,2399,vltr,0
2412,2400,vltr,0
2413,2401,vltr,0
2414,2402,vltr,0
2415,2403,vltr,0
2416,2404,vltr,0
2417,2405,vltr,0
2418,2406,vltr,0
2419,2407,vltr,0
2420,2408,vltr,0
2421,2409,vltr,0
2422,2410,vltr,0
2423,2411,vltr,0
2424,2412,vltr,0
2425,2413,vltr,0
2426,2414,paid,0
2427,2416,paid,0
2428,2417,vltr,0
2429,2418,vltr,0
2430,2419,vltr,0
2431,2420,vltr,0
2432,2421,vltr,0
2433,2422,vltr,0
2434,2423,vltr,0
2435,2424,paid,0
2436,2425,vltr,0
2437,2426,vltr,0
2438,2427,vltr,0
2439,2428,vltr,0
2440,2429,vltr,0
2441,2430,vltr,0
2442,2431,vltr,0
2443,2432,vltr,0
2444,2433,paid,0
2445,2434,vltr,0
2446,2435,vltr,0
2447,2436,vltr,0
2448,2437,vltr,0
2449,2438,vltr,0
2450,2439,vltr,0
2451,2440,vltr,0
2452,2441,vltr,0
2453,2442,vltr,0
2454,2443,vltr,0
2455,2444,vltr,0
2456,2445,vltr,0
2457,2446,vltr,0
2458,2447,vltr,0
2459,2448,vltr,0
2460,2449,vltr,0
2461,2450,vltr,0
2462,2451,vltr,0
2463,2452,paid,0
2464,2453,vltr,0
2465,2454,vltr,0
2466,2455,vltr,0
2467,2456,vltr,0
2468,2457,vltr,0
2469,2458,vltr,0
2470,2459,paid,0
2471,2460,vltr,0
2472,2461,vltr,0
2473,2462,vltr,0
2474,2463,vltr,0
2475,2464,vltr,0
2476,2465,vltr,0
2477,2466,vltr,0
2478,2467,vltr,0
2479,2468,vltr,1
2480,2469,vltr,0
2481,2470,vltr,0
2482,2471,vltr,0
2483,2472,vltr,0
2484,2473,vltr,0
2485,2474,vltr,0
2486,2475,vltr,0
2487,2476,vltr,0
2488,2477,vltr,0
2489,2478,vltr,0
2490,2479,vltr,0
2491,2480,vltr,1
2492,2481,vltr,0
2493,2482,vltr,0
2494,2483,vltr,0
2495,2484,vltr,0
2496,2485,vltr,0
2497,2486,vltr,0
2498,2487,vltr,0
2499,2488,vltr,0
2500,2489,vltr,0
2501,2490,vltr,0
2502,2491,vltr,0
2503,2492,paid,0
2504,2493,vltr,0
2505,2494,vltr,0
2506,2495,vltr,0
2507,2496,vltr,0
2508,2497,vltr,1
2509,2498,vltr,0
2510,2499,vltr,0
2511,2500,vltr,0
2512,2501,vltr,0
2513,2502,vltr,1
2514,2503,vltr,0
2515,2504,vltr,0
2516,2505,vltr,0
2517,2506,vltr,0
2518,2507,vltr,0
2519,2508,vltr,0
2520,2509,vltr,0
2521,2510,vltr,0
2522,2511,vltr,0
2523,2512,vltr,0
2524,2513,paid,0
2525,2514,vltr,0
2526,2515,vltr,0
2527,2516,vltr,0
2528,2517,vltr,0
2529,2518,paid,0
2530,2519,vltr,0
2531,2520,vltr,0
2532,2521,vltr,0
2533,2522,vltr,0
2534,2523,vltr,0
2535,2524,vltr,0
2536,2525,vltr,0
2537,2526,paid,0
2538,2527,vltr,0
2539,2528,vltr,0
2540,2529,vltr,0
2541,2530,vltr,0
2542,2531,vltr,0
2543,2532,vltr,0
2544,2533,vltr,0
2545,2534,vltr,0
2546,2536,vltr,0
2547,2537,vltr,0
2548,2538,vltr,0
2549,2539,vltr,0
2550,2540,vltr,0
2551,2541,paid,0
2552,2541,vltr,0
2553,2542,paid,0
2554,2543,vltr,0
2555,2544,vltr,0
2556,2545,vltr,0
2557,2546,paid,0
2558,2547,vltr,0
2559,2548,vltr,0
2560,2549,vltr,0
2561,2550,vltr,0
2562,2551,vltr,0
2563,2552,vltr,0
2564,2553,vltr,0
2565,2554,vltr,0
2566,2555,vltr,0
2567,2556,vltr,0
2568,2557,vltr,0
2569,2558,vltr,0
2570,2559,paid,0
2571,2560,paid,0
2572,2561,vltr,0
2573,2562,vltr,1
2574,2563,vltr,0
2575,2564,vltr,0
2576,2565,vltr,0
2577,2566,vltr,0
2578,2567,vltr,0
2579,2568,vltr,0
2580,2569,vltr,0
2581,2570,vltr,0
2582,2571,vltr,0
2583,2572,vltr,0
2584,2573,vltr,0
2585,2574,vltr,0
2586,2575,vltr,1
2587,2576,vltr,0
2588,2577,vltr,0
2589,2578,vltr,0
2590,2579,vltr,0
2591,2580,vltr,0
2592,2581,vltr,0
2593,2582,vltr,0
2594,2583,vltr,0
2595,2584,vltr,1
2596,2585,vltr,0
2597,2586,vltr,0
2598,2587,vltr,0
2599,2588,vltr,0
2600,2589,vltr,0
2601,2590,vltr,0
2602,2591,vltr,0
2603,2592,vltr,0
2604,2593,vltr,0
2605,2594,vltr,0
2606,2595,vltr,0
2607,2596,vltr,0
2608,2597,vltr,0
2609,2598,vltr,0
2610,2599,vltr,0
2611,2600,vltr,0
2612,2601,vltr,0
2613,2602,paid,1
2614,2603,paid,0
2615,2604,vltr,0
2616,2605,vltr,0
2617,2606,vltr,0
2618,2607,vltr,0
2619,2608,vltr,0
2620,2609,vltr,0
2621,2610,vltr,0
2622,2611,vltr,0
2623,2612,vltr,0
2624,2613,vltr,1
2625,2614,vltr,0
2626,2615,vltr,0
2627,2616,vltr,0
2628,2617,vltr,0
2629,2618,vltr,0
2630,2619,vltr,0
2631,2620,vltr,0
2632,2621,vltr,0
2633,2622,vltr,0
2634,2623,vltr,0
2635,2624,vltr,0
2636,2625,paid,0
2637,2626,vltr,0
2638,2627,paid,0
2639,2628,vltr,0
2640,2629,vltr,0
2641,2630,vltr,0
2642,2631,vltr,0
2643,2632,vltr,0
2644,2633,vltr,0
2645,2634,vltr,0
2646,2635,vltr,0
2647,2636,paid,0
2648,2637,vltr,0
2649,2638,vltr,0
2650,2639,vltr,0
2651,2640,paid,0
2652,2641,vltr,0
2653,2642,vltr,0
2654,2643,vltr,0
2655,2644,vltr,0
2656,2645,vltr,1
2657,2646,vltr,0
2658,2647,vltr,0
2659,2648,vltr,0
2660,2649,vltr,0
2661,2650,vltr,0
2662,2652,vltr,0
2663,2653,paid,0
2664,2654,vltr,0
2665,2655,vltr,1
2666,2656,vltr,0
2667,2657,vltr,0
2668,2658,vltr,0
2669,2659,vltr,0
2670,2660,vltr,0
2671,2661,vltr,0
2672,2662,vltr,0
2673,2663,vltr,0
2674,2664,vltr,0
2675,2665,vltr,0
2676,2666,vltr,0
2677,2667,vltr,0
2678,2668,vltr,1
2679,2669,vltr,0
2680,2670,vltr,0
2681,2671,vltr,0
2682,2672,vltr,0
2683,2673,vltr,0
2684,2674,vltr,0
2685,2675,vltr,0
2686,2676,vltr,0
2687,2677,vltr,0
2688,2678,vltr,1
2689,2679,vltr,0
2690,2680,vltr,0
2691,2681,vltr,0
2692,2682,vltr,0
2693,2684,vltr,0
2694,2685,paid,0
2695,2686,vltr,0
2696,2687,vltr,0
2697,2688,vltr,0
2698,2689,vltr,0
2699,2690,vltr,0
2700,2691,vltr,0
2701,2692,vltr,0
2702,2693,vltr,0
2703,2694,vltr,0
2704,2695,paid,0
2705,2696,vltr,0
2706,2697,vltr,0
2707,2698,vltr,0
2708,2699,vltr,0
2709,2700,vltr,0
2710,2701,vltr,0
2711,2702,vltr,0
2712,2703,paid,0
2713,2704,vltr,0
2714,2705,vltr,0
2715,2706,vltr,0
2716,2707,paid,0
2717,2708,vltr,0
2718,2709,vltr,0
2719,2710,vltr,0
2720,2711,paid,0
2721,2712,vltr,0
2722,2713,vltr,0
2723,2714,vltr,0
2724,2715,vltr,0
2725,2716,vltr,0
2726,2717,vltr,0
2727,2718,vltr,0
2728,2719,vltr,0
2729,2720,paid,0
2730,2721,vltr,0
2731,2722,vltr,0
2732,2723,vltr,0
2733,2724,paid,0
2734,2725,vltr,0
2735,2726,vltr,0
2736,2727,vltr,0
2737,2728,vltr,0
2738,2729,vltr,0
2739,2730,vltr,0
2740,2731,paid,0
2741,2732,vltr,0
2742,2733,vltr,0
2743,2734,vltr,0
2744,2735,vltr,0
2745,2736,vltr,0
2746,2737,vltr,0
2747,2738,vltr,1
2748,2739,vltr,0
2749,2740,vltr,0
2750,2741,paid,0
2751,2742,vltr,0
2752,2743,vltr,0
2753,2744,paid,0
2754,2745,vltr,0
2755,2746,vltr,0
2756,2747,paid,0
2757,2748,vltr,0
2758,2749,vltr,0
2759,2750,vltr,0
2760,2751,vltr,0
2761,2752,vltr,0
2762,2753,vltr,0
2763,2754,vltr,0
2764,2755,vltr,0
2765,2756,vltr,0
2766,2757,vltr,0
2767,2758,vltr,0
2768,2759,vltr,0
2769,2760,vltr,0
2770,2761,vltr,0
2771,2762,vltr,0
2772,2763,vltr,0
2773,2764,vltr,0
2774,2765,vltr,0
2775,2766,paid,0
2776,2767,paid,1
2777,2767,vltr,0
2778,2768,vltr,0
2779,2769,vltr,0
2780,2770,vltr,0
2781,2771,vltr,0
2782,2772,vltr,0
2783,2773,vltr,0
2784,2774,vltr,0
2785,2775,vltr,0
2786,2776,vltr,0
2787,2777,vltr,0
2788,2778,vltr,0
2789,2779,vltr,0
2790,2780,vltr,0
2791,2781,vltr,0
2792,2782,vltr,0
2793,2783,vltr,0
2794,2784,vltr,0
2795,2785,vltr,0
2796,2786,vltr,0
2797,2787,vltr,0
2798,2788,vltr,0
2799,2789,vltr,0
2800,2790,vltr,0
2801,2791,vltr,0
2802,2792,vltr,0
2803,2793,vltr,0
2804,2794,vltr,0
2805,2795,vltr,0
2806,2796,paid,0
2807,2797,vltr,0
2808,2798,vltr,0
2809,2799,paid,0
2810,2800,vltr,0
2811,2801,paid,0
2812,2802,vltr,0
2813,2803,vltr,0
2814,2804,vltr,0
2815,2805,vltr,0
2816,2806,vltr,0
2817,2807,vltr,0
2818,2808,vltr,0
2819,2809,vltr,0
2820,2810,vltr,0
2821,2811,vltr,0
2822,2812,vltr,0
2823,2813,vltr,0
2824,2814,vltr,0
2825,2815,vltr,0
2826,2816,vltr,0
2827,2817,vltr,0
2828,2818,vltr,0
2829,2819,vltr,0
2830,2820,vltr,0
2831,2821,vltr,0
2832,2822,vltr,0
2833,2823,vltr,0
2834,2824,vltr,0
2835,2825,vltr,0
2836,2826,vltr,0
2837,2827,vltr,0
2838,2828,paid,0
2839,2829,vltr,0
2840,2830,vltr,0
2841,2831,vltr,0
2842,2832,vltr,0
2843,2833,vltr,0
2844,2834,vltr,0
2845,2835,vltr,0
2846,2836,vltr,0
2847,2837,vltr,0
2848,2838,vltr,0
2849,2839,vltr,0
2850,2840,vltr,0
2851,2841,paid,0
2852,2842,vltr,0
2853,2843,paid,0
2854,2844,vltr,0
2855,2845,vltr,0
2856,2846,vltr,0
2857,2847,vltr,0
2858,2848,vltr,0
2859,2849,vltr,0
2860,2850,vltr,0
2861,2851,vltr,0
2862,2854,vltr,0
2863,2855,vltr,0
2864,2856,vltr,0
2865,2857,vltr,0
2866,2858,vltr,0
2867,2859,vltr,0
2868,2860,vltr,0
2869,2861,vltr,0
2870,2862,vltr,0
2871,2863,vltr,0
2872,2864,vltr,0
2873,2865,vltr,0
2874,2866,paid,0
2875,2867,vltr,0
2876,2868,vltr,0
2877,2869,vltr,0
2878,2870,vltr,0
2879,2871,vltr,0
2880,2872,vltr,0
2881,2873,vltr,0
2882,2874,paid,0
2883,2875,vltr,0
2884,2876,vltr,0
2885,2877,vltr,0
2886,2878,vltr,0
2887,2879,vltr,0
2888,2880,vltr,0
2889,2881,vltr,0
2890,2882,vltr,0
2891,2883,paid,0
2892,2884,vltr,0
2893,2885,vltr,0
2894,2886,vltr,0
2895,2887,vltr,0
2896,2888,vltr,0
2897,2889,vltr,0
2898,2890,vltr,0
2899,2891,vltr,0
2900,2892,vltr,0
2901,2893,vltr,0
2902,2894,vltr,0
2903,2895,paid,0
2904,2896,vltr,0
2905,2897,vltr,0
2906,2898,vltr,0
2907,2899,vltr,0
2908,2900,vltr,0
2909,2901,paid,0
2910,2902,vltr,0
2911,2903,vltr,0
2912,2904,vltr,0
2913,2905,vltr,0
2914,2906,vltr,0
2915,2907,paid,0
2916,2908,vltr,0
2917,2909,vltr,0
2918,2910,vltr,0
2919,2911,vltr,1
2920,2912,vltr,0
2921,2913,vltr,0
2922,2914,vltr,0
2923,2915,vltr,0
2924,2916,vltr,1
2925,2917,vltr,0
2926,2918,vltr,0
2927,2919,vltr,0
2928,2920,vltr,0
2929,2921,vltr,0
2930,2922,vltr,0
2931,2923,vltr,0
2932,2924,vltr,0
2933,2925,vltr,0
2934,2926,vltr,0
2935,2927,vltr,0
2936,2928,vltr,0
2937,2929,paid,0
2938,2930,vltr,0
2939,2931,vltr,0
2940,2932,vltr,0
2941,2933,vltr,0
2942,2934,vltr,0
2943,2935,vltr,0
2944,2936,vltr,0
2945,2937,vltr,0
2946,2938,vltr,0
2947,2939,vltr,0
2948,2940,vltr,0
2949,2941,vltr,0
2950,2942,vltr,0
2951,2943,vltr,0
2952,2944,vltr,0
2953,2945,paid,0
2954,2946,vltr,0
2955,2947,paid,0
2956,2948,vltr,0
2957,2949,vltr,0
2958,2950,vltr,0
2959,2951,vltr,0
2960,2952,vltr,0
2961,2953,vltr,0
2962,2954,vltr,0
2963,2955,paid,0
2964,2956,vltr,0
2965,2957,paid,0
2966,2958,vltr,0
2967,2959,vltr,0
2968,2960,vltr,0
2969,2961,paid,0
2970,2962,vltr,0
2971,2963,vltr,0
2972,2964,vltr,0
2973,2965,vltr,0
2974,2966,vltr,0
2975,2967,vltr,0
2976,2968,vltr,0
2977,2969,vltr,0
2978,2970,vltr,0
2979,2971,vltr,0
2980,2972,vltr,0
2981,2973,vltr,0
2982,2974,vltr,0
2983,2975,paid,0
2984,2976,vltr,0
2985,2977,vltr,0
2986,2978,vltr,0
2987,2979,vltr,0
2988,2980,vltr,0
2989,2981,vltr,0
2990,2982,vltr,0
2991,2983,vltr,0
2992,2984,vltr,0
2993,2985,vltr,0
2994,2987,vltr,0
2995,2988,vltr,0
2996,2989,vltr,0
2997,2990,vltr,0
2998,2991,vltr,0
2999,2992,vltr,0
3000,2993,vltr,0
3001,2994,vltr,0
3002,2995,vltr,0
3003,2996,vltr,0
3004,2997,vltr,0
3005,2998,vltr,1
3006,2999,vltr,0
3007,3000,paid,0
3008,3001,vltr,0
3009,3002,vltr,0
3010,3003,vltr,0
3011,3004,vltr,0
3012,3005,vltr,0
3013,3006,paid,0
3014,3007,vltr,0
3015,3008,vltr,1
3016,3009,vltr,0
3017,3010,vltr,0
3018,3011,vltr,0
3019,3012,vltr,0
3020,3013,vltr,0
3021,3014,vltr,0
3022,3015,vltr,0
3023,3016,vltr,0
3024,3017,paid,0
3025,3018,vltr,0
3026,3019,vltr,0
3027,3020,vltr,0
3028,3021,vltr,0
3029,3022,vltr,0
3030,3023,vltr,0
3031,3024,vltr,0
3032,3025,vltr,0
3033,3026,vltr,0
3034,3027,vltr,0
3035,3028,vltr,0
3036,3029,vltr,0
3037,3030,vltr,0
3038,3031,vltr,0
3039,3032,vltr,0
3040,3034,vltr,0
3041,3035,vltr,0
3042,3036,vltr,0
3043,3037,paid,0
3044,3038,vltr,0
3045,3039,vltr,0
3046,3040,vltr,0
3047,3041,vltr,0
3048,3042,vltr,0
3049,3043,vltr,1
3050,3044,vltr,0
3051,3045,vltr,0
3052,3046,vltr,0
3053,3047,vltr,0
3054,3048,vltr,0
3055,3049,vltr,0
3056,3050,vltr,0
3057,3051,vltr,0
3058,3052,vltr,0
3059,3053,vltr,0
3060,3054,vltr,0
3061,3055,paid,0
3062,3056,vltr,0
3063,3057,vltr,0
3064,3058,vltr,0
3065,3059,vltr,0
3066,3060,vltr,1
3067,3061,vltr,0
3068,3062,vltr,0
3069,3063,vltr,0
3070,3064,vltr,0
3071,3065,vltr,0
3072,3066,vltr,0
3073,3067,paid,0
3074,3068,vltr,0
3075,3069,vltr,0
3076,3070,vltr,0
3077,3071,vltr,0
3078,3072,vltr,0
3079,3073,vltr,0
3080,3074,vltr,0
3081,3075,vltr,0
3082,3076,vltr,0
3083,3077,vltr,0
3084,3078,vltr,0
3085,3079,vltr,0
3086,3080,vltr,0
3087,3081,vltr,0
3088,3082,vltr,0
3089,3083,vltr,0
3090,3084,vltr,0
3091,3085,vltr,0
3092,3086,vltr,0
3093,3087,vltr,0
3094,3088,vltr,0
3095,3089,vltr,0
3096,3090,vltr,0
3097,3091,vltr,0
3098,3092,vltr,0
3099,3093,vltr,0
3100,3094,vltr,0
3101,3095,vltr,0
3102,3096,vltr,0
3103,3097,vltr,0
3104,3098,vltr,0
3105,3099,vltr,0
3106,3100,vltr,0
3107,3101,vltr,0
3108,3102,vltr,0
3109,3103,vltr,0
3110,3104,vltr,0
3111,3105,vltr,0
3112,3106,vltr,0
3113,3107,vltr,0
3114,3108,vltr,1
3115,3109,vltr,0
3116,3112,vltr,0
3117,3113,vltr,0
3118,3114,vltr,0
3119,3115,vltr,0
3120,3116,vltr,0
3121,3117,paid,0
3122,3118,vltr,0
3123,3119,vltr,0
3124,3120,vltr,0
3125,3121,vltr,0
3126,3122,paid,0
3127,3123,vltr,0
3128,3124,paid,0
3129,3125,vltr,0
3130,3126,paid,0
3131,3127,vltr,0
3132,3128,vltr,0
3133,3129,vltr,0
3134,3130,vltr,0
3135,3131,vltr,0
3136,3132,vltr,0
3137,3133,vltr,0
3138,3134,vltr,0
3139,3135,vltr,0
3140,3136,vltr,0
3141,3137,paid,0
3142,3138,vltr,0
3143,3139,vltr,0
3144,3140,vltr,0
3145,3141,vltr,0
3146,3142,vltr,0
3147,3143,vltr,0
3148,3144,vltr,0
3149,3145,paid,0
3150,3146,vltr,0
3151,3147,vltr,0
3152,3148,vltr,0
3153,3149,vltr,0
3154,3150,vltr,0
3155,3151,vltr,0
3156,3152,vltr,0
3157,3153,vltr,0
3158,3154,vltr,0
3159,3155,vltr,0
3160,3156,vltr,0
3161,3157,vltr,0
3162,3158,vltr,0
3163,3159,vltr,0
3164,3160,vltr,0
3165,3161,vltr,0
3166,3162,vltr,0
3167,3163,vltr,0
3168,3164,paid,0
3169,3165,vltr,0
3170,3166,vltr,0
3171,3167,vltr,0
3172,3168,vltr,0
3173,3169,vltr,0
3174,3170,vltr,0
3175,3171,vltr,0
3176,3172,vltr,0
3177,3173,vltr,0
3178,3174,vltr,0
3179,3175,vltr,0
3180,3176,vltr,0
3181,3177,vltr,0
3182,3178,vltr,0
3183,3179,vltr,0
3184,3180,vltr,0
3185,3181,vltr,0
3186,3182,vltr,0
3187,3183,vltr,0
3188,3184,vltr,0
3189,3185,vltr,0
3190,3186,vltr,0
3191,3187,vltr,0
3192,3188,vltr,0
3193,3190,vltr,0
3194,3191,vltr,0
3195,3192,vltr,0
3196,3193,paid,0
3197,3194,vltr,0
3198,3195,vltr,0
3199,3196,vltr,0
3200,3197,vltr,0
3201,3198,vltr,0
3202,3199,vltr,0
3203,3200,vltr,0
3204,3201,vltr,0
3205,3202,vltr,0
3206,3203,vltr,0
3207,3204,vltr,0
3208,3205,vltr,0
3209,3206,vltr,0
3210,3207,vltr,0
3211,3208,vltr,0
3212,3209,vltr,0
3213,3210,vltr,0
3214,3211,vltr,0
3215,3212,vltr,0
3216,3213,vltr,0
3217,3214,vltr,0
3218,3215,vltr,0
3219,3216,vltr,0
3220,3217,vltr,0
3221,3218,vltr,0
3222,3219,vltr,0
3223,3220,vltr,0
3224,3221,vltr,0
3225,3222,vltr,0
3226,3223,vltr,0
3227,3224,vltr,0
3228,3225,vltr,0
3229,3226,vltr,0
3230,3227,vltr,0
3231,3228,vltr,0
3232,3229,vltr,0
3233,3230,vltr,0
3234,3231,vltr,0
3235,3232,vltr,0
3236,3233,vltr,0
3237,3234,vltr,0
3238,3235,vltr,0
3239,3236,vltr,0
3240,3237,vltr,0
3241,3238,vltr,0
3242,3239,vltr,0
3243,3240,vltr,0
3244,3241,vltr,0
3245,3242,vltr,0
3246,3243,vltr,0
3247,3244,vltr,0
3248,3245,vltr,0
3249,3246,vltr,0
3250,3247,vltr,0
3251,3248,vltr,0
3252,3249,vltr,0
3253,3250,vltr,0
3254,3251,vltr,0
3255,3252,vltr,0
3256,3253,vltr,0
3257,3254,vltr,0
3258,3256,vltr,0
3259,3257,vltr,0
3260,3258,vltr,0
3261,3259,vltr,0
3262,3260,vltr,0
3263,3261,vltr,0
3264,3262,vltr,0
3265,3263,vltr,0
3266,3264,vltr,0
3267,3265,vltr,0
3268,3266,vltr,0
3269,3267,vltr,0
3270,3268,vltr,0
3271,3269,vltr,0
3272,3270,vltr,0
3273,3271,vltr,0
3274,3272,vltr,0
3275,3273,vltr,0
3276,3274,vltr,0
3277,3275,vltr,0
3278,3276,vltr,0
3279,3277,vltr,0
3280,3278,vltr,0
3281,3279,vltr,1
3282,3280,vltr,0
3283,3281,paid,0
3284,3282,paid,0
3285,3283,vltr,0
3286,3284,vltr,0
3287,3285,vltr,0
3288,3286,vltr,0
3289,3287,paid,0
3290,3288,vltr,0
3291,3289,vltr,0
3292,3290,vltr,0
3293,3291,vltr,0
3294,3292,vltr,0
3295,3293,vltr,0
3296,3294,vltr,0
3297,3295,vltr,0
3298,3296,vltr,0
3299,3297,vltr,0
3300,3298,vltr,0
3301,3299,vltr,0
3302,3300,vltr,0
3303,3301,vltr,0
3304,3302,paid,0
3305,3303,vltr,0
3306,3304,vltr,0
3307,3305,vltr,0
3308,3306,vltr,0
3309,3307,vltr,0
3310,3308,paid,0
3311,3309,vltr,0
3312,3310,vltr,0
3313,3311,vltr,0
3314,3312,vltr,0
3315,3313,vltr,0
3316,3314,vltr,0
3317,3315,vltr,0
3318,3316,vltr,0
3319,3317,vltr,0
3320,3318,vltr,0
3321,3319,vltr,0
3322,3320,vltr,0
3323,3321,vltr,0
3324,3322,vltr,0
3325,3323,vltr,0
3326,3324,paid,0
3327,3325,vltr,0
3328,3326,vltr,0
3329,3327,paid,0
3330,3328,vltr,0
3331,3330,paid,0
3332,3331,paid,0
3333,3332,vltr,0
3334,3333,vltr,0
3335,3334,vltr,0
3336,3335,vltr,0
3337,3336,vltr,0
3338,3337,vltr,0
3339,3338,vltr,0
3340,3339,vltr,0
3341,3340,vltr,0
3342,3341,vltr,0
3343,3342,vltr,0
3344,3343,paid,0
3345,3344,vltr,0
3346,3345,paid,0
3347,3346,vltr,0
3348,3347,vltr,0
3349,3348,vltr,0
3350,3349,vltr,0
3351,3350,vltr,0
3352,3351,paid,0
3353,3352,vltr,0
3354,3353,vltr,0
3355,3354,vltr,0
3356,3355,vltr,0
3357,3356,vltr,0
3358,3357,vltr,0
3359,3358,vltr,0
3360,3359,vltr,0
3361,3360,vltr,0
3362,3361,vltr,0
3363,3362,vltr,0
3364,3363,vltr,0
3365,3364,vltr,0
3366,3365,vltr,0
3367,3366,vltr,0
3368,3367,vltr,1
3369,3368,vltr,0
3370,3369,vltr,0
3371,3370,vltr,0
3372,3371,vltr,0
3373,3372,vltr,0
3374,3373,vltr,0
3375,3374,vltr,0
3376,3375,vltr,0
3377,3376,vltr,0
3378,3377,vltr,0
3379,3378,vltr,0
3380,3379,vltr,0
3381,3380,paid,0
3382,3381,vltr,0
3383,3382,vltr,0
3384,3383,vltr,0
3385,3384,vltr,0
3386,3385,vltr,0
3387,3386,vltr,0
3388,3387,vltr,0
3389,3388,vltr,0
3390,3389,vltr,0
3391,3390,paid,0
3392,3391,vltr,0
3393,3392,vltr,0
3394,3393,vltr,0
3395,3394,vltr,0
3396,3395,vltr,0
3397,3396,vltr,0
3398,3397,vltr,0
3399,3398,vltr,0
3400,3399,vltr,0
3401,3400,paid,0
3402,3401,vltr,0
3403,3402,vltr,0
3404,3403,vltr,0
3405,3404,vltr,0
3406,3405,vltr,0
3407,3406,vltr,0
3408,3407,vltr,0
3409,3408,vltr,0
3410,3409,vltr,0
3411,3410,vltr,0
3412,3411,vltr,0
3413,3412,paid,0
3414,3413,vltr,0
3415,3414,vltr,0
3416,3415,vltr,0
3417,3416,paid,0
3418,3417,vltr,0
3419,3418,paid,0
3420,3419,vltr,0
3421,3420,vltr,0
3422,3421,vltr,0
3423,3422,vltr,0
3424,3423,vltr,0
3425,3424,vltr,0
3426,3425,vltr,0
3427,3426,vltr,0
3428,3427,vltr,0
3429,3428,vltr,0
3430,3429,vltr,0
3431,3430,vltr,0
3432,3431,vltr,0
3433,3432,vltr,0
3434,3433,vltr,0
3435,3434,vltr,0
3436,3435,vltr,0
3437,3436,vltr,0
3438,3437,vltr,0
3439,3438,vltr,0
3440,3439,vltr,0
3441,3440,vltr,0
3442,3441,paid,0
3443,3442,vltr,0
3444,3443,vltr,0
3445,3444,vltr,0
3446,3445,vltr,0
3447,3446,vltr,0
3448,3447,vltr,0
3449,3448,vltr,0
3450,3449,vltr,0
3451,3450,vltr,0
3452,3451,paid,0
3453,3452,vltr,0
3454,3453,vltr,0
3455,3454,vltr,0
3456,3455,vltr,0
3457,3456,vltr,0
3458,3457,vltr,0
3459,3458,vltr,0
3460,3459,vltr,0
3461,3460,vltr,0
3462,3461,vltr,0
3463,3462,vltr,0
3464,3463,vltr,0
3465,3464,vltr,0
3466,3465,vltr,0
3467,3466,vltr,0
3468,3467,vltr,0
3469,3468,vltr,0
3470,3469,vltr,0
3471,3470,vltr,0
3472,3471,vltr,0
3473,3472,vltr,0
3474,3473,vltr,0
3475,3474,vltr,0
3476,3475,paid,0
3477,3476,vltr,0
3478,3477,vltr,0
3479,3478,vltr,0
3480,3479,vltr,0
3481,3480,vltr,0
3482,3481,vltr,0
3483,3482,vltr,1
3484,3483,vltr,0
3485,3484,vltr,0
3486,3485,vltr,0
3487,3486,paid,0
3488,3487,vltr,0
3489,3488,vltr,0
3490,3489,vltr,0
3491,3490,paid,0
3492,3491,vltr,0
3493,3492,vltr,0
3494,3493,paid,0
3495,3494,vltr,0
3496,3495,vltr,0
3497,3496,vltr,0
3498,3497,vltr,0
3499,3498,vltr,0
3500,3499,vltr,0
3501,3500,vltr,0
3502,3501,vltr,0
3503,3502,vltr,0
3504,3503,vltr,0
3505,3504,paid,0
3506,3505,vltr,0
3507,3506,vltr,0
3508,3507,vltr,0
3509,3508,vltr,0
3510,3509,vltr,0
3511,3510,vltr,0
3512,3511,vltr,0
3513,3512,vltr,0
3514,3513,vltr,0
3515,3514,vltr,0
3516,3515,vltr,0
3517,3516,vltr,0
3518,3517,vltr,0
3519,3518,vltr,0
3520,3519,vltr,0
3521,3520,vltr,0
3522,3521,vltr,0
3523,3522,vltr,0
3524,3523,vltr,0
3525,3524,vltr,0
3526,3525,vltr,0
3527,3526,vltr,0
3528,3527,vltr,0
3529,3528,vltr,0
3530,3529,vltr,0
3531,3530,vltr,0
3532,3531,vltr,0
3533,3532,vltr,0
3534,3533,vltr,0
3535,3534,vltr,0
3536,3535,vltr,0
3537,3536,paid,0
3538,3537,vltr,0
3539,3538,vltr,0
3540,3539,vltr,0
3541,3540,vltr,0
3542,3541,vltr,0
3543,3542,vltr,0
3544,3543,vltr,0
3545,3544,vltr,0
3546,3545,vltr,0
3547,3546,vltr,0
3548,3547,vltr,0
3549,3548,vltr,0
3550,3549,vltr,0
3551,3550,vltr,0
3552,3551,vltr,0
3553,3552,vltr,0
3554,3553,vltr,0
3555,3554,vltr,0
3556,3555,vltr,0
3557,3556,vltr,0
3558,3557,paid,0
3559,3558,vltr,0
3560,3559,vltr,0
3561,3560,vltr,0
3562,3561,vltr,0
3563,3562,vltr,0
3564,3563,vltr,0
3565,3564,vltr,0
3566,3565,vltr,0
3567,3566,vltr,0
3568,3567,vltr,0
3569,3568,vltr,0
3570,3569,vltr,0
3571,3570,vltr,0
3572,3571,vltr,0
3573,3572,vltr,0
3574,3573,vltr,0
3575,3574,vltr,0
3576,3575,vltr,0
3577,3576,vltr,0
3578,3577,vltr,0
3579,3578,vltr,0
3580,3579,vltr,0
3581,3580,vltr,0
3582,3581,vltr,0
3583,3582,vltr,0
3584,3583,vltr,0
3585,3584,vltr,0
3586,3585,paid,0
3587,3586,vltr,0
3588,3587,vltr,0
3589,3590,vltr,0
3590,3591,vltr,0
3591,3592,vltr,0
3592,3593,vltr,0
3593,3594,vltr,0
3594,3595,vltr,0
3595,3596,vltr,0
3596,3597,vltr,0
3597,3598,vltr,0
3598,3599,vltr,0
3599,3600,vltr,0
3600,3601,vltr,0
3601,3602,vltr,0
3602,3603,vltr,0
3603,3604,vltr,0
3604,3605,vltr,0
3605,3606,vltr,0
3606,3607,paid,0
3607,3608,vltr,0
3608,3609,vltr,0
3609,3610,vltr,0
3610,3611,vltr,0
3611,3612,vltr,0
3612,3613,vltr,1
3613,3614,vltr,0
3614,3615,vltr,0
3615,3616,vltr,0
3616,3617,vltr,0
3617,3618,vltr,0
3618,3619,vltr,0
3619,3620,vltr,0
3620,3621,vltr,0
3621,3622,vltr,0
3622,3623,vltr,0
3623,3624,vltr,0
3624,3625,vltr,0
3625,3626,vltr,0
3626,3627,vltr,0
3627,3628,vltr,0
3628,3629,paid,0
3629,3630,vltr,0
3630,3631,vltr,0
3631,3632,vltr,0
3632,3633,vltr,0
3633,3634,vltr,0
3634,3635,vltr,0
3635,3636,vltr,0
3636,3637,vltr,0
3637,3638,vltr,0
3638,3639,vltr,0
3639,3640,vltr,0
3640,3641,vltr,0
3641,3642,vltr,0
3642,3643,paid,0
3643,3644,vltr,0
3644,3645,vltr,0
3645,3646,vltr,0
3646,3647,vltr,0
3647,3648,vltr,0
3648,3649,vltr,0
3649,3650,paid,0
3650,3651,vltr,0
3651,3652,vltr,0
3652,3653,vltr,0
3653,3654,paid,0
3654,3655,vltr,0
3655,3656,vltr,0
3656,3657,vltr,0
3657,3658,vltr,0
3658,3659,vltr,1
3659,3660,vltr,0
3660,3661,vltr,0
3661,3662,vltr,0
3662,3663,vltr,0
3663,3664,vltr,0
3664,3665,vltr,0
3665,3666,vltr,0
3666,3667,vltr,0
3667,3668,vltr,0
3668,3669,vltr,0
3669,3670,vltr,0
3670,3671,vltr,0
3671,3672,vltr,0
3672,3673,vltr,0
3673,3674,paid,0
3674,3675,vltr,0
3675,3676,vltr,0
3676,3677,vltr,0
3677,3678,vltr,0
3678,3679,vltr,0
3679,3680,vltr,0
3680,3681,vltr,0
3681,3682,vltr,0
3682,3683,vltr,0
3683,3684,vltr,0
3684,3685,vltr,0
3685,3686,vltr,0
3686,3687,vltr,0
3687,3688,vltr,0
3688,3689,vltr,0
3689,3690,vltr,0
3690,3691,vltr,0
3691,3692,vltr,0
3692,3693,vltr,0
3693,3694,vltr,0
3694,3695,vltr,0
3695,3696,vltr,0
3696,3697,vltr,0
3697,3698,vltr,0
3698,3699,paid,0
3699,3700,vltr,0
3700,3701,vltr,0
3701,3702,vltr,0
3702,3703,vltr,0
3703,3704,vltr,0
3704,3705,vltr,0
3705,3706,vltr,0
3706,3707,vltr,0
3707,3708,vltr,0
3708,3709,vltr,0
3709,3710,vltr,0
3710,3711,vltr,0
3711,3712,vltr,0
3712,3713,vltr,0
3713,3714,vltr,0
3714,3715,vltr,0
3715,3716,vltr,0
3716,3717,vltr,0
3717,3718,vltr,0
3718,3719,vltr,0
3719,3720,vltr,0
3720,3721,vltr,0
3721,3722,vltr,0
3722,3723,vltr,0
3723,3724,vltr,0
3724,3725,vltr,0
3725,3726,vltr,0
3726,3727,vltr,0
3727,3728,vltr,0
3728,3729,vltr,0
3729,3730,vltr,0
3730,3731,vltr,0
3731,3732,vltr,0
3732,3733,vltr,0
3733,3734,vltr,0
3734,3735,vltr,0
3735,3736,vltr,0
3736,3737,paid,0
3737,3738,vltr,0
3738,3739,paid,0
3739,3740,vltr,0
3740,3741,vltr,0
3741,3742,vltr,0
3742,3743,vltr,0
3743,3744,vltr,0
3744,3745,vltr,0
3745,3746,vltr,0
3746,3747,vltr,0
3747,3748,vltr,0
3748,3749,vltr,0
3749,3750,vltr,0
3750,3751,vltr,0
3751,3752,vltr,0
3752,3753,vltr,0
3753,3754,vltr,0
3754,3755,vltr,0
3755,3756,vltr,0
3756,3757,vltr,0
3757,3758,vltr,0
3758,3759,vltr,0
3759,3760,vltr,0
3760,3761,vltr,0
3761,3762,paid,0
3762,3763,vltr,0
3763,3764,vltr,0
3764,3765,vltr,0
3765,3766,vltr,0
3766,3767,vltr,0
3767,3768,vltr,0
3768,3769,paid,0
3769,3770,vltr,0
3770,3771,vltr,0
3771,3772,vltr,0
3772,3773,paid,0
3773,3774,vltr,0
3774,3775,vltr,0
3775,3776,vltr,0
3776,3777,vltr,0
3777,3778,vltr,0
3778,3779,vltr,0
3779,3780,vltr,0
3780,3781,paid,0
3781,3782,vltr,0
3782,3783,vltr,0
3783,3784,vltr,0
3784,3785,vltr,0
3785,3786,vltr,0
3786,3787,vltr,0
3787,3788,vltr,0
3788,3789,paid,0
3789,3790,vltr,0
3790,3791,vltr,0
3791,3792,vltr,0
3792,3793,vltr,0
3793,3794,paid,0
3794,3795,paid,0
3795,3796,vltr,0
3796,3797,vltr,0
3797,3798,vltr,0
3798,3799,vltr,0
3799,3800,paid,0
3800,3801,vltr,0
3801,3802,vltr,0
3802,3803,vltr,0
3803,3804,paid,0
3804,3805,vltr,0
3805,3806,vltr,0
3806,3807,vltr,0
3807,3808,vltr,0
3808,3809,vltr,0
3809,3810,vltr,0
3810,3811,vltr,0
3811,3812,vltr,0
3812,3813,vltr,0
3813,3814,vltr,0
3814,3815,vltr,0
3815,3816,vltr,0
3816,3817,paid,0
3817,3818,vltr,0
3818,3819,vltr,0
3819,3820,vltr,0
3820,3821,vltr,0
3821,3822,vltr,0
3822,3823,vltr,0
3823,3824,vltr,0
3824,3825,vltr,0
3825,3826,vltr,0
3826,3827,vltr,0
3827,3828,vltr,0
3828,3829,vltr,0
3829,3830,vltr,0
3830,3831,vltr,0
3831,3832,vltr,0
3832,3833,vltr,0
3833,3834,vltr,0
3834,3835,vltr,0
3835,3836,vltr,0
3836,3837,vltr,0
3837,3838,vltr,0
3838,3839,vltr,0
3839,3840,vltr,0
3840,3841,vltr,0
3841,3842,vltr,0
3842,3843,vltr,0
3843,3844,vltr,0
3844,3845,vltr,0
3845,3846,vltr,0
3846,3847,vltr,0
3847,3848,vltr,0
3848,3849,vltr,0
3849,3850,vltr,0
3850,3851,vltr,0
3851,3852,vltr,0
3852,3853,vltr,0
3853,3854,vltr,0
3854,3855,vltr,0
3855,3856,vltr,0
3856,3857,vltr,0
3857,3858,vltr,0
3858,3859,vltr,0
3859,3860,vltr,0
3860,3861,vltr,0
3861,3862,vltr,0
3862,3863,vltr,0
3863,3864,vltr,0
3864,3865,vltr,0
3865,3866,vltr,0
3866,3867,vltr,0
3867,3868,paid,1
3868,3869,vltr,1
3869,3870,vltr,0
3870,3871,vltr,0
3871,3872,vltr,0
3872,3873,vltr,0
3873,3874,vltr,0
3874,3876,vltr,0
3875,3877,vltr,0
3876,3878,vltr,0
3877,3879,vltr,0
3878,3880,paid,0
3879,3881,vltr,0
3880,3882,vltr,0
3881,3883,vltr,0
3882,3884,vltr,0
3883,3885,vltr,0
3884,3886,vltr,0
3885,3887,vltr,0
3886,3888,vltr,0
3887,3889,vltr,0
3888,3890,vltr,0
3889,3891,vltr,0
3890,3892,vltr,0
3891,3893,vltr,0
3892,3894,vltr,0
3893,3895,vltr,0
3894,3896,vltr,0
3895,3897,vltr,0
3896,3898,vltr,0
3897,3899,vltr,0
3898,3900,vltr,0
3899,3901,vltr,0
3900,3902,paid,0
3901,3903,vltr,0
3902,3904,vltr,0
3903,3905,vltr,0
3904,3906,vltr,0
3905,3907,vltr,0
3906,3908,vltr,0
3907,3909,vltr,0
3908,3910,vltr,0
3909,3911,vltr,0
3910,3912,vltr,0
3911,3913,vltr,0
3912,3914,vltr,0
3913,3915,vltr,0
3914,3916,vltr,0
3915,3917,vltr,0
3916,3918,vltr,0
3917,3919,vltr,0
3918,3920,vltr,0
3919,3921,vltr,0
3920,3922,vltr,0
3921,3923,vltr,0
3922,3924,paid,0
3923,3925,vltr,0
3924,3926,vltr,0
3925,3927,paid,0
3926,3928,vltr,0
3927,3929,vltr,0
3928,3930,vltr,0
3929,3931,vltr,0
3930,3932,vltr,0
3931,3933,vltr,0
3932,3934,vltr,0
3933,3935,vltr,0
3934,3937,vltr,0
3935,3938,vltr,0
3936,3939,vltr,0
3937,3940,vltr,0
3938,3941,vltr,0
3939,3942,vltr,0
3940,3943,vltr,0
3941,3944,vltr,0
3942,3945,vltr,0
3943,3946,vltr,0
3944,3947,vltr,0
3945,3948,paid,0
3946,3949,vltr,0
3947,3950,paid,1
3948,3951,vltr,0
3949,3952,vltr,0
3950,3953,vltr,0
3951,3954,vltr,0
3952,3955,vltr,0
3953,3956,vltr,0
3954,3957,paid,0
3955,3958,vltr,0
3956,3959,vltr,0
3957,3960,vltr,0
3958,3961,vltr,0
3959,3962,vltr,0
3960,3963,vltr,0
3961,3964,vltr,0
3962,3965,vltr,0
3963,3966,vltr,0
3964,3967,vltr,0
3965,3968,vltr,0
3966,3969,vltr,0
3967,3970,vltr,0
3968,3971,vltr,0
3969,3972,vltr,0
3970,3973,vltr,0
3971,3974,vltr,0
3972,3975,vltr,0
3973,3976,vltr,0
3974,3977,vltr,0
3975,3978,vltr,0
3976,3979,paid,0
3977,3980,vltr,0
3978,3981,vltr,0
3979,3982,vltr,0
3980,3983,vltr,0
3981,3984,vltr,0
3982,3985,vltr,0
3983,3987,paid,0
3984,3988,vltr,0
3985,3989,vltr,0
3986,3990,vltr,0
3987,3991,paid,0
3988,3991,vltr,0
3989,3992,vltr,0
3990,3993,vltr,0
3991,3994,vltr,0
3992,3995,vltr,0
3993,3996,vltr,0
3994,3997,vltr,0
3995,3998,vltr,0
3996,3999,vltr,1
3997,4000,vltr,0
3998,4001,vltr,0
3999,4002,vltr,0
4000,4003,vltr,0
4001,4004,vltr,0
4002,4005,paid,0
4003,4006,vltr,0
4004,4007,vltr,0
4005,4008,vltr,0
4006,4009,vltr,0
4007,4010,vltr,0
4008,4011,vltr,0
4009,4012,vltr,0
4010,4013,vltr,0
4011,4014,vltr,0
4012,4015,vltr,0
4013,4016,vltr,0
4014,4017,vltr,0
4015,4018,vltr,0
4016,4019,vltr,0
4017,4020,vltr,0
4018,4021,vltr,0
4019,4022,vltr,0
4020,4023,vltr,0
4021,4024,vltr,0
4022,4025,vltr,0
4023,4026,vltr,0
4024,4027,vltr,0
4025,4028,vltr,0
4026,4029,vltr,0
4027,4030,vltr,0
4028,4031,vltr,0
4029,4032,vltr,0
4030,4033,vltr,0
4031,4034,vltr,0
4032,4035,paid,0
4033,4036,vltr,0
4034,4037,vltr,0
4035,4038,paid,0
4036,4039,paid,0
4037,4040,vltr,0
4038,4041,vltr,0
4039,4042,vltr,0
4040,4043,vltr,0
4041,4044,vltr,0
4042,4045,vltr,0
4043,4046,vltr,0
4044,4047,vltr,0
4045,4048,vltr,0
4046,4049,vltr,0
4047,4050,vltr,0
4048,4051,vltr,0
4049,4052,vltr,0
4050,4053,vltr,0
4051,4054,vltr,0
4052,4055,vltr,0
4053,4056,vltr,0
4054,4057,vltr,0
4055,4058,vltr,0
4056,4059,vltr,0
4057,4060,vltr,0
4058,4061,vltr,0
4059,4062,vltr,0
4060,4063,vltr,0
4061,4064,vltr,0
4062,4065,paid,0
4063,4066,vltr,0
4064,4067,vltr,0
4065,4069,vltr,0
4066,4070,vltr,0
4067,4071,vltr,0
4068,4072,vltr,0
4069,4073,vltr,0
4070,4074,vltr,0
4071,4075,vltr,0
4072,4076,vltr,0
4073,4077,paid,0
4074,4078,vltr,0
4075,4079,vltr,0
4076,4080,vltr,0
4077,4081,vltr,0
4078,4082,vltr,0
4079,4083,vltr,0
4080,4084,vltr,0
4081,4085,vltr,0
4082,4086,vltr,0
4083,4087,vltr,0
4084,4088,vltr,0
4085,4089,vltr,0
4086,4090,vltr,0
4087,4091,vltr,0
4088,4092,vltr,0
4089,4093,vltr,0
4090,4094,vltr,0
4091,4095,vltr,0
4092,4096,vltr,0
4093,4097,vltr,0
4094,4098,vltr,0
4095,4099,vltr,0
4096,4100,vltr,0
4097,4101,vltr,0
4098,4102,vltr,0
4099,4103,vltr,0
4100,4104,vltr,0
4101,4105,vltr,0
4102,4106,paid,0
4103,4107,paid,0
4104,4108,vltr,0
4105,4109,vltr,0
4106,4110,vltr,0
4107,4111,vltr,0
4108,4112,vltr,0
4109,4113,vltr,0
4110,4114,vltr,0
4111,4115,vltr,0
4112,4116,paid,0
4113,4117,vltr,0
4114,4118,vltr,0
4115,4119,vltr,0
4116,4120,vltr,0
4117,4121,vltr,0
4118,4122,vltr,0
4119,4123,vltr,0
4120,4124,vltr,0
4121,4125,vltr,0
4122,4126,vltr,0
4123,4127,vltr,0
4124,4128,vltr,0
4125,4129,vltr,0
4126,4130,vltr,0
4127,4131,vltr,0
4128,4132,vltr,0
4129,4133,vltr,0
4130,4134,vltr,0
4131,4135,vltr,0
4132,4136,vltr,0
4133,4137,vltr,0
4134,4138,vltr,0
4135,4140,paid,0
4136,4141,vltr,0
4137,4142,paid,0
4138,4143,paid,0
4139,4144,vltr,0
4140,4145,vltr,0
4141,4146,paid,-1
4142,4147,paid,0
4143,4148,vltr,0
4144,4150,paid,0
4145,4151,vltr,0
4146,4152,vltr,0
4147,4153,paid,0
4148,4154,vltr,0
4149,4155,vltr,0
4150,4156,vltr,0
4151,4157,paid,0
4152,4158,vltr,0
4153,4159,vltr,-1
4154,4160,vltr,0
4155,4161,vltr,0
4156,4162,vltr,0
4157,4163,vltr,0
